Product ID,Week,Demand,Category,Price
P0001,2021-12-27,1057,Electronics,39.486000000000004
P0001,2022-01-03,4476,Groceries,38.57
P0001,2022-01-10,4143,Groceries,37.767999999999994
P0001,2022-01-17,3818,Groceries,37.40228571428571
P0001,2022-01-24,3952,Groceries,36.288
P0001,2022-01-31,4071,Groceries,37.953714285714284
P0001,2022-02-07,3632,Groceries,39.27657142857143
P0001,2022-02-14,4121,Groceries,36.96171428571429
P0001,2022-02-21,3919,Groceries,37.356
P0001,2022-02-28,5070,Groceries,37.23171428571428
P0001,2022-03-07,4176,Groceries,37.12114285714286
P0001,2022-03-14,4197,Groceries,40.91
P0001,2022-03-21,4366,Groceries,39.49885714285714
P0001,2022-03-28,3991,Groceries,38.348285714285716
P0001,2022-04-04,3881,Groceries,37.28514285714286
P0001,2022-04-11,4533,Groceries,40.646571428571434
P0001,2022-04-18,3463,Groceries,36.112
P0001,2022-04-25,2577,Groceries,32.60171428571429
P0001,2022-05-02,2311,Groceries,34.03657142857143
P0001,2022-05-09,2465,Groceries,31.255142857142857
P0001,2022-05-16,2525,Groceries,32.53628571428571
P0001,2022-05-23,3211,Groceries,35.44771428571429
P0001,2022-05-30,4243,Groceries,38.38742857142857
P0001,2022-06-06,4321,Groceries,39.28028571428571
P0001,2022-06-13,4487,Groceries,37.984857142857145
P0001,2022-06-20,4536,Groceries,38.82828571428571
P0001,2022-06-27,3074,Groceries,35.06914285714286
P0001,2022-07-04,1747,Groceries,30.97285714285714
P0001,2022-07-11,2536,Groceries,30.606
P0001,2022-07-18,2397,Groceries,32.20942857142857
P0001,2022-07-25,4234,Groceries,39.96714285714285
P0001,2022-08-01,4239,Groceries,39.931714285714285
P0001,2022-08-08,4333,Groceries,39.666
P0001,2022-08-15,4563,Groceries,39.504285714285714
P0001,2022-08-22,5149,Groceries,38.302
P0001,2022-08-29,3974,Groceries,39.02942857142857
P0001,2022-09-05,3836,Groceries,35.92257142857143
P0001,2022-09-12,4095,Groceries,38.81171428571429
P0001,2022-09-19,4176,Groceries,37.42314285714286
P0001,2022-09-26,4013,Groceries,39.186571428571426
P0001,2022-10-03,4146,Groceries,36.70028571428571
P0001,2022-10-10,3932,Groceries,36.17714285714286
P0001,2022-10-17,3791,Groceries,38.308
P0001,2022-10-24,3963,Groceries,37.40285714285714
P0001,2022-10-31,3795,Groceries,40.23771428571428
P0001,2022-11-07,4492,Groceries,37.98171428571429
P0001,2022-11-14,3860,Groceries,37.07685714285714
P0001,2022-11-21,3543,Groceries,37.222
P0001,2022-11-28,3593,Groceries,37.61457142857143
P0001,2022-12-05,4620,Groceries,38.465714285714284
P0001,2022-12-12,4012,Groceries,38.36914285714286
P0001,2022-12-19,4250,Groceries,37.55657142857143
P0001,2022-12-26,4398,Groceries,40.23885714285715
P0001,2023-01-02,4156,Groceries,38.93685714285714
P0001,2023-01-09,4008,Groceries,37.77771428571429
P0001,2023-01-16,4110,Groceries,38.37428571428571
P0001,2023-01-23,3789,Groceries,36.65714285714286
P0001,2023-01-30,2212,Groceries,32.05885714285714
P0001,2023-02-06,2476,Groceries,32.23542857142857
P0001,2023-02-13,2451,Groceries,32.38742857142857
P0001,2023-02-20,2692,Groceries,32.94828571428572
P0001,2023-02-27,3882,Groceries,35.53828571428571
P0001,2023-03-06,4005,Groceries,39.07485714285714
P0001,2023-03-13,3885,Groceries,37.85657142857143
P0001,2023-03-20,4376,Groceries,36.98542857142857
P0001,2023-03-27,3794,Groceries,37.36314285714286
P0001,2023-04-03,4008,Groceries,37.07457142857143
P0001,2023-04-10,2772,Groceries,33.552571428571426
P0001,2023-04-17,2558,Groceries,32.291428571428575
P0001,2023-04-24,2947,Groceries,33.23657142857143
P0001,2023-05-01,3069,Groceries,35.44571428571428
P0001,2023-05-08,3394,Groceries,34.126285714285714
P0001,2023-05-15,4176,Groceries,37.39628571428571
P0001,2023-05-22,4086,Groceries,38.58971428571429
P0001,2023-05-29,4255,Groceries,39.18371428571429
P0001,2023-06-05,4725,Groceries,41.10285714285714
P0001,2023-06-12,4939,Groceries,41.399142857142856
P0001,2023-06-19,4855,Groceries,41.556285714285714
P0001,2023-06-26,4282,Groceries,39.04914285714286
P0001,2023-07-03,4722,Groceries,40.48742857142857
P0001,2023-07-10,3976,Groceries,38.40685714285714
P0001,2023-07-17,4144,Groceries,37.586
P0001,2023-07-24,4970,Groceries,39.44085714285715
P0001,2023-07-31,4556,Groceries,38.498000000000005
P0001,2023-08-07,4817,Groceries,40.128571428571426
P0001,2023-08-14,4260,Groceries,40.931999999999995
P0001,2023-08-21,4270,Groceries,37.33314285714286
P0001,2023-08-28,4516,Groceries,40.463142857142856
P0001,2023-09-04,3664,Groceries,37.66914285714286
P0001,2023-09-11,4231,Groceries,37.49914285714286
P0001,2023-09-18,4172,Groceries,39.705714285714286
P0001,2023-09-25,3734,Groceries,36.797714285714285
P0001,2023-10-02,3367,Groceries,36.212
P0001,2023-10-09,2125,Groceries,31.536
P0001,2023-10-16,2480,Groceries,32.140571428571434
P0001,2023-10-23,4191,Groceries,38.21371428571429
P0001,2023-10-30,4500,Groceries,40.736285714285714
P0001,2023-11-06,4093,Groceries,39.38285714285715
P0001,2023-11-13,4084,Groceries,36.74057142857143
P0001,2023-11-20,3452,Groceries,35.93857142857143
P0001,2023-11-27,3776,Groceries,39.101142857142854
P0001,2023-12-04,4277,Groceries,39.032000000000004
P0001,2023-12-11,3649,Groceries,36.099714285714285
P0001,2023-12-18,4192,Groceries,39.06057142857143
P0001,2023-12-25,3157,Groceries,34.99657142857143
P0001,2024-01-01,2279,Groceries,31.860571428571426
P0001,2024-01-08,3821,Groceries,35.541428571428575
P0001,2024-01-15,3745,Groceries,37.862
P0001,2024-01-22,4031,Groceries,38.600857142857144
P0001,2024-01-29,991,Groceries,36.915
P0002,2021-12-27,1362,Groceries,45.784
P0002,2022-01-03,4041,Groceries,43.97085714285714
P0002,2022-01-10,4593,Groceries,44.892857142857146
P0002,2022-01-17,4600,Groceries,43.71714285714285
P0002,2022-01-24,3741,Groceries,43.26771428571429
P0002,2022-01-31,4476,Groceries,44.07857142857143
P0002,2022-02-07,5555,Groceries,49.376285714285714
P0002,2022-02-14,4412,Groceries,45.52857142857143
P0002,2022-02-21,4104,Groceries,44.229142857142854
P0002,2022-02-28,4161,Groceries,43.123714285714286
P0002,2022-03-07,4649,Groceries,43.69714285714286
P0002,2022-03-14,4107,Groceries,42.45485714285714
P0002,2022-03-21,4359,Groceries,44.18514285714286
P0002,2022-03-28,4250,Groceries,44.39628571428571
P0002,2022-04-04,4277,Groceries,43.56371428571428
P0002,2022-04-11,4206,Groceries,44.17457142857143
P0002,2022-04-18,3926,Groceries,42.836571428571425
P0002,2022-04-25,2676,Groceries,39.294
P0002,2022-05-02,2770,Groceries,39.25885714285714
P0002,2022-05-09,2596,Groceries,38.650285714285715
P0002,2022-05-16,2795,Groceries,39.13428571428572
P0002,2022-05-23,3572,Groceries,42.088857142857144
P0002,2022-05-30,4392,Groceries,42.70514285714286
P0002,2022-06-06,5332,Groceries,50.108
P0002,2022-06-13,5120,Groceries,44.682857142857145
P0002,2022-06-20,4206,Groceries,44.41428571428571
P0002,2022-06-27,2902,Groceries,39.94457142857143
P0002,2022-07-04,2606,Groceries,38.83685714285714
P0002,2022-07-11,2847,Groceries,37.999428571428574
P0002,2022-07-18,2631,Groceries,37.39371428571428
P0002,2022-07-25,4665,Groceries,46.108285714285714
P0002,2022-08-01,4217,Groceries,43.79342857142857
P0002,2022-08-08,4064,Groceries,43.01542857142857
P0002,2022-08-15,4927,Groceries,45.27942857142857
P0002,2022-08-22,4617,Groceries,44.68571428571428
P0002,2022-08-29,4525,Groceries,43.68571428571428
P0002,2022-09-05,3762,Groceries,41.88628571428571
P0002,2022-09-12,3745,Groceries,42.25857142857143
P0002,2022-09-19,3839,Groceries,42.25342857142857
P0002,2022-09-26,4096,Groceries,43.383428571428574
P0002,2022-10-03,4211,Groceries,42.594
P0002,2022-10-10,4293,Groceries,42.23228571428571
P0002,2022-10-17,3604,Groceries,43.140571428571434
P0002,2022-10-24,3704,Groceries,42.65542857142857
P0002,2022-10-31,3867,Groceries,42.96771428571428
P0002,2022-11-07,4164,Groceries,43.05171428571428
P0002,2022-11-14,4341,Groceries,44.10028571428571
P0002,2022-11-21,3805,Groceries,41.98771428571428
P0002,2022-11-28,4079,Groceries,42.158857142857144
P0002,2022-12-05,4307,Groceries,43.76542857142857
P0002,2022-12-12,4173,Groceries,43.556285714285714
P0002,2022-12-19,3649,Groceries,42.858285714285714
P0002,2022-12-26,3816,Groceries,45.00285714285714
P0002,2023-01-02,4105,Groceries,42.86485714285714
P0002,2023-01-09,4453,Groceries,43.963142857142856
P0002,2023-01-16,4395,Groceries,43.54714285714286
P0002,2023-01-23,3809,Groceries,45.242
P0002,2023-01-30,2784,Groceries,40.222
P0002,2023-02-06,2545,Groceries,38.814
P0002,2023-02-13,2842,Groceries,37.88685714285714
P0002,2023-02-20,2866,Groceries,39.36942857142857
P0002,2023-02-27,3658,Groceries,41.665142857142854
P0002,2023-03-06,4525,Groceries,43.75657142857143
P0002,2023-03-13,4634,Groceries,44.85285714285714
P0002,2023-03-20,4149,Groceries,43.921142857142854
P0002,2023-03-27,4497,Groceries,45.112857142857145
P0002,2023-04-03,3862,Groceries,40.23
P0002,2023-04-10,3236,Groceries,40.79685714285714
P0002,2023-04-17,2543,Groceries,38.30142857142857
P0002,2023-04-24,2593,Groceries,40.50142857142857
P0002,2023-05-01,3271,Groceries,39.47685714285714
P0002,2023-05-08,3838,Groceries,44.02428571428572
P0002,2023-05-15,4091,Groceries,43.12885714285714
P0002,2023-05-22,4336,Groceries,44.780857142857144
P0002,2023-05-29,4377,Groceries,43.05685714285714
P0002,2023-06-05,4075,Groceries,42.95028571428571
P0002,2023-06-12,4083,Groceries,43.90428571428571
P0002,2023-06-19,4475,Groceries,43.26771428571429
P0002,2023-06-26,4395,Groceries,43.441428571428574
P0002,2023-07-03,4846,Groceries,44.43142857142857
P0002,2023-07-10,4403,Groceries,45.07028571428572
P0002,2023-07-17,4364,Groceries,43.239714285714285
P0002,2023-07-24,4161,Groceries,44.360571428571426
P0002,2023-07-31,3955,Groceries,44.905142857142856
P0002,2023-08-07,5149,Groceries,43.75457142857143
P0002,2023-08-14,4443,Groceries,44.428
P0002,2023-08-21,4934,Groceries,45.57028571428572
P0002,2023-08-28,4258,Groceries,43.25714285714286
P0002,2023-09-04,3740,Groceries,41.31657142857143
P0002,2023-09-11,3973,Groceries,43.07971428571428
P0002,2023-09-18,3911,Groceries,42.27028571428571
P0002,2023-09-25,3907,Groceries,43.64714285714286
P0002,2023-10-02,4028,Groceries,42.203428571428574
P0002,2023-10-09,2538,Groceries,40.61085714285714
P0002,2023-10-16,2473,Groceries,37.35257142857142
P0002,2023-10-23,3690,Groceries,41.29971428571429
P0002,2023-10-30,3467,Groceries,41.72714285714286
P0002,2023-11-06,4030,Groceries,41.47257142857143
P0002,2023-11-13,3885,Groceries,42.16285714285714
P0002,2023-11-20,3442,Groceries,41.722
P0002,2023-11-27,3705,Groceries,42.49857142857143
P0002,2023-12-04,3848,Groceries,43.345142857142854
P0002,2023-12-11,4590,Groceries,46.297428571428576
P0002,2023-12-18,5023,Groceries,44.592285714285715
P0002,2023-12-25,2867,Groceries,39.26
P0002,2024-01-01,2698,Groceries,37.94171428571428
P0002,2024-01-08,3669,Groceries,44.11542857142857
P0002,2024-01-15,3091,Groceries,39.111714285714285
P0002,2024-01-22,3588,Groceries,39.97057142857143
P0002,2024-01-29,1006,Groceries,43.973
P0003,2021-12-27,1251,Furniture,81.967
P0003,2022-01-03,4263,Furniture,78.94457142857142
P0003,2022-01-10,4170,Furniture,78.554
P0003,2022-01-17,3816,Furniture,79.65914285714287
P0003,2022-01-24,3708,Furniture,79.36628571428572
P0003,2022-01-31,3845,Furniture,78.91914285714286
P0003,2022-02-07,4661,Furniture,79.35285714285715
P0003,2022-02-14,4105,Furniture,77.98514285714286
P0003,2022-02-21,3600,Furniture,78.7537142857143
P0003,2022-02-28,3847,Furniture,79.57228571428571
P0003,2022-03-07,4723,Toys,84.56628571428571
P0003,2022-03-14,4704,Furniture,81.282
P0003,2022-03-21,4210,Toys,77.86542857142857
P0003,2022-03-28,3964,Furniture,76.51914285714285
P0003,2022-04-04,4404,Furniture,80.27342857142858
P0003,2022-04-11,4137,Furniture,76.82457142857143
P0003,2022-04-18,3673,Furniture,75.38085714285714
P0003,2022-04-25,2210,Furniture,70.17228571428572
P0003,2022-05-02,2435,Furniture,68.56457142857144
P0003,2022-05-09,2591,Furniture,67.95685714285715
P0003,2022-05-16,2386,Furniture,66.89971428571428
P0003,2022-05-23,3087,Toys,74.58457142857144
P0003,2022-05-30,3727,Furniture,79.88428571428571
P0003,2022-06-06,4052,Toys,75.82485714285714
P0003,2022-06-13,4053,Furniture,77.74114285714286
P0003,2022-06-20,4239,Furniture,78.94628571428571
P0003,2022-06-27,2485,Furniture,72.06371428571428
P0003,2022-07-04,2511,Toys,67.6257142857143
P0003,2022-07-11,2335,Furniture,67.21257142857144
P0003,2022-07-18,2525,Furniture,65.85457142857142
P0003,2022-07-25,3937,Furniture,80.48171428571429
P0003,2022-08-01,4233,Furniture,78.03828571428572
P0003,2022-08-08,3645,Furniture,77.66457142857142
P0003,2022-08-15,3893,Furniture,76.95428571428572
P0003,2022-08-22,4521,Furniture,83.79628571428572
P0003,2022-08-29,4909,Furniture,83.78742857142856
P0003,2022-09-05,3971,Furniture,78.61285714285714
P0003,2022-09-12,3484,Furniture,78.28628571428571
P0003,2022-09-19,3735,Furniture,73.9902857142857
P0003,2022-09-26,3831,Furniture,77.49799999999999
P0003,2022-10-03,3587,Furniture,79.37485714285714
P0003,2022-10-10,3999,Furniture,78.48257142857142
P0003,2022-10-17,3823,Furniture,79.16314285714286
P0003,2022-10-24,3415,Toys,74.89828571428572
P0003,2022-10-31,3986,Furniture,76.33428571428571
P0003,2022-11-07,3281,Toys,76.74457142857143
P0003,2022-11-14,3798,Furniture,75.912
P0003,2022-11-21,3702,Furniture,78.586
P0003,2022-11-28,4020,Furniture,80.40742857142857
P0003,2022-12-05,3792,Furniture,77.88114285714286
P0003,2022-12-12,4554,Furniture,80.58771428571428
P0003,2022-12-19,3447,Toys,75.50342857142857
P0003,2022-12-26,4041,Furniture,81.00685714285714
P0003,2023-01-02,4107,Furniture,81.42742857142858
P0003,2023-01-09,4303,Furniture,80.506
P0003,2023-01-16,4177,Furniture,78.85
P0003,2023-01-23,4030,Furniture,79.45885714285714
P0003,2023-01-30,2387,Furniture,66.63600000000001
P0003,2023-02-06,2384,Furniture,68.16514285714287
P0003,2023-02-13,2550,Toys,66.12342857142858
P0003,2023-02-20,2060,Toys,69.45314285714286
P0003,2023-02-27,3632,Furniture,75.38971428571428
P0003,2023-03-06,4249,Toys,78.33228571428572
P0003,2023-03-13,4237,Furniture,77.66485714285714
P0003,2023-03-20,3687,Furniture,79.44285714285714
P0003,2023-03-27,3692,Furniture,78.54
P0003,2023-04-03,3952,Toys,75.60542857142858
P0003,2023-04-10,2923,Furniture,71.86371428571428
P0003,2023-04-17,2221,Furniture,65.44885714285715
P0003,2023-04-24,2152,Furniture,66.75800000000001
P0003,2023-05-01,2400,Furniture,67.03114285714287
P0003,2023-05-08,2363,Toys,67.72485714285715
P0003,2023-05-15,4103,Furniture,80.49057142857143
P0003,2023-05-22,4287,Toys,78.34942857142858
P0003,2023-05-29,3751,Furniture,82.19714285714286
P0003,2023-06-05,4071,Furniture,75.46685714285715
P0003,2023-06-12,3887,Toys,80.11514285714286
P0003,2023-06-19,4484,Toys,80.72342857142857
P0003,2023-06-26,3910,Furniture,78.42714285714285
P0003,2023-07-03,4361,Toys,84.75457142857142
P0003,2023-07-10,3821,Furniture,75.97485714285715
P0003,2023-07-17,3773,Furniture,76.85199999999999
P0003,2023-07-24,3918,Furniture,80.19028571428571
P0003,2023-07-31,4234,Furniture,79.18057142857144
P0003,2023-08-07,4139,Toys,80.56914285714286
P0003,2023-08-14,3472,Furniture,79.01057142857142
P0003,2023-08-21,4168,Furniture,77.69685714285714
P0003,2023-08-28,3606,Furniture,76.644
P0003,2023-09-04,4440,Toys,77.90857142857142
P0003,2023-09-11,3771,Furniture,79.81057142857142
P0003,2023-09-18,3446,Furniture,74.68257142857142
P0003,2023-09-25,3527,Furniture,79.22657142857142
P0003,2023-10-02,3618,Furniture,76.71142857142857
P0003,2023-10-09,2304,Toys,67.96314285714286
P0003,2023-10-16,2441,Toys,66.33171428571428
P0003,2023-10-23,3560,Furniture,77.016
P0003,2023-10-30,3179,Furniture,76.82885714285713
P0003,2023-11-06,4013,Furniture,75.43228571428571
P0003,2023-11-13,4157,Furniture,79.134
P0003,2023-11-20,3595,Furniture,77.76628571428571
P0003,2023-11-27,4369,Furniture,80.26742857142858
P0003,2023-12-04,4128,Furniture,77.98685714285715
P0003,2023-12-11,4024,Furniture,79.28
P0003,2023-12-18,4013,Furniture,78.35714285714286
P0003,2023-12-25,2333,Furniture,69.05428571428571
P0003,2024-01-01,2507,Furniture,68.62228571428572
P0003,2024-01-08,2958,Furniture,69.87628571428571
P0003,2024-01-15,2687,Furniture,71.258
P0003,2024-01-22,4240,Furniture,78.97257142857143
P0003,2024-01-29,1060,Furniture,80.16900000000001
P0004,2021-12-27,865,Groceries,40.745999999999995
P0004,2022-01-03,3065,Groceries,39.900571428571425
P0004,2022-01-10,3812,Groceries,42.67942857142857
P0004,2022-01-17,3869,Groceries,46.478857142857144
P0004,2022-01-24,3654,Groceries,46.64371428571428
P0004,2022-01-31,4563,Groceries,47.41428571428571
P0004,2022-02-07,3837,Groceries,43.95942857142857
P0004,2022-02-14,2784,Groceries,40.614285714285714
P0004,2022-02-21,4161,Groceries,46.419714285714285
P0004,2022-02-28,4129,Groceries,46.144
P0004,2022-03-07,4797,Groceries,44.61914285714286
P0004,2022-03-14,4453,Groceries,48.048
P0004,2022-03-21,4034,Groceries,44.31314285714286
P0004,2022-03-28,4189,Groceries,49.18228571428572
P0004,2022-04-04,4391,Groceries,44.45
P0004,2022-04-11,4309,Groceries,48.127428571428574
P0004,2022-04-18,3612,Groceries,43.66771428571429
P0004,2022-04-25,2567,Groceries,40.36228571428572
P0004,2022-05-02,2684,Groceries,37.499428571428574
P0004,2022-05-09,3012,Groceries,39.202
P0004,2022-05-16,2751,Groceries,41.01914285714286
P0004,2022-05-23,3514,Groceries,44.15828571428571
P0004,2022-05-30,4329,Groceries,47.612857142857145
P0004,2022-06-06,5101,Groceries,46.68085714285714
P0004,2022-06-13,4902,Groceries,47.64514285714286
P0004,2022-06-20,5759,Groceries,53.57942857142857
P0004,2022-06-27,3677,Groceries,41.84457142857143
P0004,2022-07-04,3095,Groceries,41.06314285714286
P0004,2022-07-11,3081,Groceries,40.606
P0004,2022-07-18,3182,Groceries,40.72142857142857
P0004,2022-07-25,4824,Groceries,49.760285714285715
P0004,2022-08-01,5160,Groceries,49.851142857142854
P0004,2022-08-08,4946,Groceries,46.67314285714286
P0004,2022-08-15,5619,Groceries,50.086571428571425
P0004,2022-08-22,4848,Groceries,48.19942857142857
P0004,2022-08-29,4071,Groceries,46.907714285714285
P0004,2022-09-05,3941,Groceries,44.696285714285715
P0004,2022-09-12,4166,Groceries,45.82514285714286
P0004,2022-09-19,3985,Groceries,46.37771428571428
P0004,2022-09-26,4393,Groceries,45.41314285714286
P0004,2022-10-03,4014,Groceries,46.69057142857143
P0004,2022-10-10,4640,Groceries,48.193999999999996
P0004,2022-10-17,4161,Groceries,43.77171428571429
P0004,2022-10-24,4176,Groceries,47.76457142857143
P0004,2022-10-31,4550,Groceries,49.10857142857143
P0004,2022-11-07,4341,Groceries,46.60914285714286
P0004,2022-11-14,3787,Groceries,43.95914285714286
P0004,2022-11-21,3010,Groceries,42.85628571428572
P0004,2022-11-28,3777,Groceries,44.92914285714286
P0004,2022-12-05,3916,Groceries,46.501999999999995
P0004,2022-12-12,4125,Groceries,47.616571428571426
P0004,2022-12-19,4462,Groceries,46.242
P0004,2022-12-26,4501,Groceries,48.879714285714286
P0004,2023-01-02,4521,Groceries,48.994285714285716
P0004,2023-01-09,4029,Groceries,44.106
P0004,2023-01-16,4085,Groceries,46.278285714285715
P0004,2023-01-23,3586,Groceries,44.744
P0004,2023-01-30,2537,Groceries,39.84685714285714
P0004,2023-02-06,2466,Groceries,38.926
P0004,2023-02-13,2492,Groceries,39.358
P0004,2023-02-20,2646,Groceries,37.917428571428566
P0004,2023-02-27,3778,Groceries,44.11314285714286
P0004,2023-03-06,4523,Groceries,45.01714285714286
P0004,2023-03-13,4414,Groceries,47.171142857142854
P0004,2023-03-20,4177,Groceries,46.04942857142857
P0004,2023-03-27,3531,Groceries,46.09342857142857
P0004,2023-04-03,4063,Groceries,46.72542857142857
P0004,2023-04-10,3403,Groceries,40.227714285714285
P0004,2023-04-17,2853,Groceries,40.758
P0004,2023-04-24,2466,Groceries,39.88657142857143
P0004,2023-05-01,2875,Groceries,39.999428571428574
P0004,2023-05-08,3223,Groceries,40.428285714285714
P0004,2023-05-15,4140,Groceries,46.33
P0004,2023-05-22,4031,Groceries,46.18714285714285
P0004,2023-05-29,4139,Groceries,46.69428571428571
P0004,2023-06-05,5176,Groceries,52.03885714285714
P0004,2023-06-12,5340,Groceries,47.702285714285715
P0004,2023-06-19,5118,Groceries,51.000571428571426
P0004,2023-06-26,4960,Groceries,47.98685714285714
P0004,2023-07-03,4937,Groceries,48.16257142857143
P0004,2023-07-10,5397,Groceries,48.745714285714286
P0004,2023-07-17,4747,Groceries,48.99028571428572
P0004,2023-07-24,5152,Groceries,48.749428571428574
P0004,2023-07-31,4820,Groceries,48.20485714285714
P0004,2023-08-07,4756,Groceries,47.866571428571426
P0004,2023-08-14,5789,Groceries,49.499428571428574
P0004,2023-08-21,5401,Groceries,52.528285714285715
P0004,2023-08-28,4156,Groceries,46.81428571428572
P0004,2023-09-04,3933,Groceries,45.87114285714286
P0004,2023-09-11,4315,Groceries,45.116571428571426
P0004,2023-09-18,4607,Groceries,45.19828571428572
P0004,2023-09-25,3893,Groceries,46.26228571428572
P0004,2023-10-02,3590,Groceries,43.254285714285714
P0004,2023-10-09,2406,Groceries,38.76942857142857
P0004,2023-10-16,2989,Groceries,40.224000000000004
P0004,2023-10-23,3783,Groceries,44.83314285714286
P0004,2023-10-30,3724,Groceries,43.46714285714285
P0004,2023-11-06,4042,Groceries,45.962
P0004,2023-11-13,4310,Groceries,46.51942857142857
P0004,2023-11-20,4270,Groceries,45.50714285714286
P0004,2023-11-27,4088,Groceries,45.011428571428574
P0004,2023-12-04,4274,Groceries,47.61628571428571
P0004,2023-12-11,4134,Groceries,45.27342857142857
P0004,2023-12-18,4656,Groceries,47.08457142857143
P0004,2023-12-25,2987,Groceries,41.63514285714286
P0004,2024-01-01,2435,Groceries,39.94057142857143
P0004,2024-01-08,4441,Groceries,46.78257142857143
P0004,2024-01-15,4838,Groceries,48.11342857142857
P0004,2024-01-22,4450,Groceries,46.54942857142857
P0004,2024-01-29,1022,Groceries,44.519
P0005,2021-12-27,1107,Clothing,55.718999999999994
P0005,2022-01-03,3703,Clothing,50.76971428571429
P0005,2022-01-10,4343,Clothing,51.394
P0005,2022-01-17,4014,Clothing,50.767714285714284
P0005,2022-01-24,3446,Clothing,51.11885714285714
P0005,2022-01-31,3976,Clothing,52.49485714285714
P0005,2022-02-07,3937,Clothing,51.574
P0005,2022-02-14,4490,Clothing,53.83457142857143
P0005,2022-02-21,4254,Clothing,51.24542857142857
P0005,2022-02-28,3963,Clothing,52.271142857142856
P0005,2022-03-07,2813,Clothing,45.05114285714286
P0005,2022-03-14,3294,Clothing,48.38142857142857
P0005,2022-03-21,4454,Clothing,51.34428571428571
P0005,2022-03-28,3977,Clothing,51.802
P0005,2022-04-04,3812,Clothing,51.57342857142857
P0005,2022-04-11,4275,Clothing,52.60028571428571
P0005,2022-04-18,3612,Clothing,48.34257142857143
P0005,2022-04-25,2458,Clothing,44.73885714285715
P0005,2022-05-02,2435,Clothing,46.07142857142857
P0005,2022-05-09,2685,Clothing,48.28028571428571
P0005,2022-05-16,2477,Clothing,46.77342857142857
P0005,2022-05-23,3534,Clothing,47.21628571428571
P0005,2022-05-30,3940,Clothing,51.819428571428574
P0005,2022-06-06,4403,Clothing,52.93942857142857
P0005,2022-06-13,4598,Clothing,51.10485714285714
P0005,2022-06-20,3856,Clothing,53.004
P0005,2022-06-27,2752,Clothing,48.590857142857146
P0005,2022-07-04,2529,Clothing,47.40714285714286
P0005,2022-07-11,3123,Clothing,47.370285714285714
P0005,2022-07-18,2483,Clothing,44.779714285714284
P0005,2022-07-25,4368,Clothing,51.60457142857143
P0005,2022-08-01,4119,Clothing,53.210857142857144
P0005,2022-08-08,3985,Clothing,52.648
P0005,2022-08-15,4898,Clothing,54.28485714285714
P0005,2022-08-22,4405,Clothing,52.994571428571426
P0005,2022-08-29,3737,Clothing,50.976
P0005,2022-09-05,3639,Clothing,54.22857142857143
P0005,2022-09-12,3997,Clothing,51.66314285714286
P0005,2022-09-19,3741,Clothing,50.04942857142857
P0005,2022-09-26,3534,Clothing,51.43114285714285
P0005,2022-10-03,3403,Clothing,50.142
P0005,2022-10-10,4156,Clothing,50.06857142857143
P0005,2022-10-17,3822,Clothing,52.07857142857143
P0005,2022-10-24,4037,Clothing,52.21057142857143
P0005,2022-10-31,3924,Clothing,51.25885714285714
P0005,2022-11-07,3963,Clothing,51.086571428571425
P0005,2022-11-14,3850,Clothing,51.456
P0005,2022-11-21,4126,Clothing,50.862
P0005,2022-11-28,3451,Clothing,51.609428571428566
P0005,2022-12-05,4442,Clothing,52.03742857142857
P0005,2022-12-12,4488,Clothing,52.644285714285715
P0005,2022-12-19,4260,Clothing,52.48
P0005,2022-12-26,4213,Clothing,54.504285714285714
P0005,2023-01-02,4151,Clothing,52.22657142857143
P0005,2023-01-09,4712,Clothing,53.82
P0005,2023-01-16,5518,Clothing,62.218
P0005,2023-01-23,3998,Clothing,53.26314285714286
P0005,2023-01-30,2254,Clothing,46.49314285714286
P0005,2023-02-06,2857,Clothing,44.958285714285715
P0005,2023-02-13,2530,Clothing,44.74514285714285
P0005,2023-02-20,2572,Clothing,45.45914285714286
P0005,2023-02-27,3929,Clothing,49.08942857142858
P0005,2023-03-06,4543,Clothing,52.956
P0005,2023-03-13,4187,Clothing,54.36
P0005,2023-03-20,4085,Clothing,51.644571428571425
P0005,2023-03-27,4013,Clothing,51.87228571428572
P0005,2023-04-03,3572,Clothing,50.594857142857144
P0005,2023-04-10,2754,Clothing,47.64342857142857
P0005,2023-04-17,2598,Clothing,46.050285714285714
P0005,2023-04-24,3304,Clothing,48.564
P0005,2023-05-01,2771,Clothing,46.424
P0005,2023-05-08,3037,Clothing,46.826571428571434
P0005,2023-05-15,4032,Clothing,54.08
P0005,2023-05-22,4153,Clothing,50.56542857142857
P0005,2023-05-29,3967,Clothing,52.99971428571428
P0005,2023-06-05,4489,Clothing,53.59142857142857
P0005,2023-06-12,4252,Clothing,52.001714285714286
P0005,2023-06-19,4806,Clothing,54.10885714285714
P0005,2023-06-26,4302,Clothing,53.80342857142857
P0005,2023-07-03,4485,Clothing,53.08085714285714
P0005,2023-07-10,4448,Clothing,54.248000000000005
P0005,2023-07-17,4350,Clothing,48.642
P0005,2023-07-24,4035,Clothing,52.896857142857144
P0005,2023-07-31,4523,Clothing,52.07057142857143
P0005,2023-08-07,4099,Clothing,52.267999999999994
P0005,2023-08-14,3737,Clothing,52.90571428571429
P0005,2023-08-21,4106,Clothing,50.86685714285714
P0005,2023-08-28,3856,Clothing,51.699714285714286
P0005,2023-09-04,3085,Clothing,48.930571428571426
P0005,2023-09-11,3957,Clothing,50.658857142857144
P0005,2023-09-18,4006,Clothing,49.83085714285714
P0005,2023-09-25,3723,Clothing,51.278
P0005,2023-10-02,3141,Clothing,49.744571428571426
P0005,2023-10-09,2570,Clothing,43.56857142857143
P0005,2023-10-16,2277,Clothing,44.550285714285714
P0005,2023-10-23,3565,Clothing,51.238
P0005,2023-10-30,4058,Clothing,50.30514285714286
P0005,2023-11-06,3453,Clothing,51.56857142857143
P0005,2023-11-13,3793,Clothing,49.476
P0005,2023-11-20,4107,Clothing,51.39142857142857
P0005,2023-11-27,4166,Clothing,52.97257142857143
P0005,2023-12-04,3787,Clothing,51.92171428571429
P0005,2023-12-11,4151,Clothing,50.11342857142857
P0005,2023-12-18,3921,Clothing,52.894
P0005,2023-12-25,2707,Clothing,47.36942857142857
P0005,2024-01-01,2747,Clothing,47.38542857142857
P0005,2024-01-08,3624,Clothing,51.37285714285714
P0005,2024-01-15,4352,Clothing,51.33457142857143
P0005,2024-01-22,4077,Clothing,51.53885714285714
P0005,2024-01-29,985,Clothing,52.922000000000004
P0006,2021-12-27,942,Groceries,47.515
P0006,2022-01-03,4126,Groceries,48.07542857142857
P0006,2022-01-10,3914,Groceries,48.966
P0006,2022-01-17,4414,Groceries,47.036
P0006,2022-01-24,3656,Groceries,46.63257142857143
P0006,2022-01-31,4055,Groceries,49.75714285714286
P0006,2022-02-07,4165,Groceries,47.852
P0006,2022-02-14,4532,Groceries,49.35857142857143
P0006,2022-02-21,4180,Groceries,48.201142857142855
P0006,2022-02-28,4567,Groceries,50.161142857142856
P0006,2022-03-07,5167,Groceries,53.832571428571434
P0006,2022-03-14,4630,Groceries,48.459714285714284
P0006,2022-03-21,4726,Groceries,48.53485714285714
P0006,2022-03-28,4253,Groceries,49.436
P0006,2022-04-04,4124,Groceries,47.28885714285714
P0006,2022-04-11,4318,Groceries,48.16885714285714
P0006,2022-04-18,3513,Groceries,46.40428571428572
P0006,2022-04-25,2292,Groceries,43.03371428571429
P0006,2022-05-02,2453,Groceries,39.88514285714286
P0006,2022-05-09,2230,Groceries,41.66028571428571
P0006,2022-05-16,2630,Groceries,41.835142857142856
P0006,2022-05-23,2486,Groceries,42.763714285714286
P0006,2022-05-30,3234,Groceries,45.056285714285714
P0006,2022-06-06,4610,Groceries,49.718857142857146
P0006,2022-06-13,4294,Groceries,48.44085714285715
P0006,2022-06-20,4536,Groceries,48.72514285714286
P0006,2022-06-27,2929,Groceries,45.42314285714286
P0006,2022-07-04,2845,Groceries,41.49914285714286
P0006,2022-07-11,2330,Groceries,42.054857142857145
P0006,2022-07-18,2399,Groceries,41.797428571428576
P0006,2022-07-25,4556,Groceries,50.186571428571426
P0006,2022-08-01,4448,Groceries,45.82371428571428
P0006,2022-08-08,4208,Groceries,47.57685714285714
P0006,2022-08-15,3600,Groceries,48.135714285714286
P0006,2022-08-22,4206,Groceries,49.024571428571434
P0006,2022-08-29,4208,Groceries,49.85771428571429
P0006,2022-09-05,3768,Groceries,46.54257142857143
P0006,2022-09-12,3756,Groceries,47.11228571428572
P0006,2022-09-19,4041,Groceries,47.23057142857143
P0006,2022-09-26,3783,Groceries,48.150571428571425
P0006,2022-10-03,3956,Groceries,48.192571428571426
P0006,2022-10-10,4220,Groceries,46.514857142857146
P0006,2022-10-17,3852,Groceries,47.09057142857143
P0006,2022-10-24,3864,Groceries,46.03342857142857
P0006,2022-10-31,3523,Groceries,47.202571428571424
P0006,2022-11-07,4278,Groceries,49.17885714285714
P0006,2022-11-14,4099,Groceries,48.04628571428571
P0006,2022-11-21,4038,Groceries,46.860571428571426
P0006,2022-11-28,3586,Groceries,47.67257142857143
P0006,2022-12-05,3647,Groceries,46.50885714285714
P0006,2022-12-12,4367,Groceries,48.16257142857143
P0006,2022-12-19,3753,Groceries,47.18828571428571
P0006,2022-12-26,4140,Groceries,49.01828571428571
P0006,2023-01-02,4717,Groceries,50.600857142857144
P0006,2023-01-09,3766,Groceries,49.11942857142857
P0006,2023-01-16,4702,Groceries,48.91142857142857
P0006,2023-01-23,3541,Groceries,47.30085714285714
P0006,2023-01-30,3326,Groceries,46.65142857142857
P0006,2023-02-06,2760,Groceries,43.73714285714286
P0006,2023-02-13,2597,Groceries,42.92742857142857
P0006,2023-02-20,2444,Groceries,41.72942857142857
P0006,2023-02-27,3851,Groceries,47.943714285714286
P0006,2023-03-06,3884,Groceries,47.41657142857142
P0006,2023-03-13,4251,Groceries,46.336285714285715
P0006,2023-03-20,4331,Groceries,49.25485714285715
P0006,2023-03-27,4093,Groceries,48.046
P0006,2023-04-03,4252,Groceries,48.04342857142857
P0006,2023-04-10,3023,Groceries,43.97371428571429
P0006,2023-04-17,2419,Groceries,42.990857142857145
P0006,2023-04-24,2442,Groceries,42.62228571428572
P0006,2023-05-01,2680,Groceries,43.30171428571428
P0006,2023-05-08,2685,Groceries,42.60657142857143
P0006,2023-05-15,4273,Groceries,47.60142857142857
P0006,2023-05-22,3938,Groceries,47.94571428571428
P0006,2023-05-29,3927,Groceries,49.460857142857144
P0006,2023-06-05,4402,Groceries,47.64371428571428
P0006,2023-06-12,4255,Groceries,49.199714285714286
P0006,2023-06-19,4312,Groceries,49.22257142857143
P0006,2023-06-26,3855,Groceries,46.05771428571428
P0006,2023-07-03,4294,Groceries,49.35885714285714
P0006,2023-07-10,3876,Groceries,47.62914285714286
P0006,2023-07-17,4079,Groceries,48.148
P0006,2023-07-24,4785,Groceries,49.581428571428575
P0006,2023-07-31,3947,Groceries,47.900571428571425
P0006,2023-08-07,5051,Groceries,49.34914285714286
P0006,2023-08-14,4747,Groceries,52.09685714285715
P0006,2023-08-21,3777,Groceries,48.05971428571429
P0006,2023-08-28,3959,Groceries,47.88657142857143
P0006,2023-09-04,3945,Groceries,47.558571428571426
P0006,2023-09-11,3481,Groceries,48.077714285714286
P0006,2023-09-18,3459,Groceries,46.18971428571429
P0006,2023-09-25,3969,Groceries,46.42971428571428
P0006,2023-10-02,2885,Groceries,43.978
P0006,2023-10-09,2349,Groceries,40.604
P0006,2023-10-16,2200,Groceries,39.74914285714286
P0006,2023-10-23,3602,Groceries,46.81914285714286
P0006,2023-10-30,3627,Groceries,48.026
P0006,2023-11-06,4105,Groceries,47.01085714285714
P0006,2023-11-13,4180,Groceries,46.97942857142857
P0006,2023-11-20,3880,Groceries,48.734857142857145
P0006,2023-11-27,4395,Groceries,49.168285714285716
P0006,2023-12-04,4607,Groceries,48.376000000000005
P0006,2023-12-11,4122,Groceries,47.66171428571429
P0006,2023-12-18,3850,Groceries,47.38771428571428
P0006,2023-12-25,2593,Groceries,44.806285714285714
P0006,2024-01-01,2664,Groceries,43.06771428571428
P0006,2024-01-08,3374,Groceries,45.28657142857143
P0006,2024-01-15,2760,Groceries,43.74371428571428
P0006,2024-01-22,4491,Groceries,48.193999999999996
P0006,2024-01-29,1119,Groceries,49.47
P0007,2021-12-27,1001,Groceries,34.155
P0007,2022-01-03,4446,Groceries,36.13657142857143
P0007,2022-01-10,4236,Groceries,36.114
P0007,2022-01-17,4360,Groceries,36.47657142857143
P0007,2022-01-24,4067,Groceries,36.845142857142854
P0007,2022-01-31,3931,Groceries,35.73085714285714
P0007,2022-02-07,4687,Groceries,37.43142857142857
P0007,2022-02-14,4320,Groceries,37.10257142857142
P0007,2022-02-21,3761,Groceries,34.48742857142857
P0007,2022-02-28,4858,Groceries,37.72057142857143
P0007,2022-03-07,4652,Groceries,38.08228571428571
P0007,2022-03-14,4076,Groceries,35.94171428571428
P0007,2022-03-21,4589,Groceries,37.43571428571428
P0007,2022-03-28,3883,Groceries,36.03257142857143
P0007,2022-04-04,4689,Groceries,35.15542857142857
P0007,2022-04-11,4203,Groceries,36.952571428571424
P0007,2022-04-18,3740,Groceries,34.90142857142857
P0007,2022-04-25,2548,Groceries,31.044
P0007,2022-05-02,2505,Groceries,31.04857142857143
P0007,2022-05-09,2673,Groceries,30.26457142857143
P0007,2022-05-16,2367,Groceries,31.212285714285716
P0007,2022-05-23,3139,Groceries,33.640571428571434
P0007,2022-05-30,4798,Groceries,37.68971428571429
P0007,2022-06-06,4644,Groceries,38.644285714285715
P0007,2022-06-13,4396,Groceries,38.18714285714285
P0007,2022-06-20,4498,Groceries,35.87428571428571
P0007,2022-06-27,2617,Groceries,30.84714285714286
P0007,2022-07-04,3214,Groceries,32.99028571428572
P0007,2022-07-11,2972,Groceries,34.40428571428572
P0007,2022-07-18,2825,Groceries,32.11914285714286
P0007,2022-07-25,4802,Groceries,37.684000000000005
P0007,2022-08-01,4721,Groceries,39.830285714285715
P0007,2022-08-08,4456,Groceries,39.088
P0007,2022-08-15,5204,Groceries,36.956857142857146
P0007,2022-08-22,4909,Groceries,37.965714285714284
P0007,2022-08-29,4864,Groceries,38.315714285714286
P0007,2022-09-05,3848,Groceries,34.943999999999996
P0007,2022-09-12,4811,Groceries,37.53257142857143
P0007,2022-09-19,3988,Groceries,35.731428571428566
P0007,2022-09-26,3644,Groceries,35.65571428571429
P0007,2022-10-03,3994,Groceries,35.568571428571424
P0007,2022-10-10,4009,Groceries,35.26457142857143
P0007,2022-10-17,3991,Groceries,34.477428571428575
P0007,2022-10-24,4013,Groceries,35.31114285714286
P0007,2022-10-31,3875,Groceries,36.68
P0007,2022-11-07,4037,Groceries,35.681714285714285
P0007,2022-11-14,4138,Groceries,36.329142857142855
P0007,2022-11-21,4869,Groceries,35.44342857142857
P0007,2022-11-28,3964,Groceries,36.05685714285714
P0007,2022-12-05,4664,Groceries,37.62314285714285
P0007,2022-12-12,4724,Groceries,37.154
P0007,2022-12-19,4954,Groceries,36.24885714285714
P0007,2022-12-26,4115,Groceries,37.426
P0007,2023-01-02,4045,Groceries,35.25514285714286
P0007,2023-01-09,4778,Groceries,37.539142857142856
P0007,2023-01-16,4092,Groceries,36.46
P0007,2023-01-23,3939,Groceries,35.91771428571428
P0007,2023-01-30,2785,Groceries,31.775428571428574
P0007,2023-02-06,2284,Groceries,31.689428571428575
P0007,2023-02-13,2663,Groceries,31.47342857142857
P0007,2023-02-20,2595,Groceries,32.39714285714286
P0007,2023-02-27,3845,Groceries,34.022571428571425
P0007,2023-03-06,4733,Groceries,39.191428571428574
P0007,2023-03-13,4570,Groceries,36.975142857142856
P0007,2023-03-20,4448,Groceries,35.54628571428571
P0007,2023-03-27,4357,Groceries,39.02657142857143
P0007,2023-04-03,4237,Groceries,36.037142857142854
P0007,2023-04-10,3240,Groceries,33.84914285714286
P0007,2023-04-17,2722,Groceries,31.454285714285717
P0007,2023-04-24,2431,Groceries,30.746571428571425
P0007,2023-05-01,2913,Groceries,30.732285714285716
P0007,2023-05-08,3137,Groceries,32.212857142857146
P0007,2023-05-15,4350,Groceries,36.42914285714286
P0007,2023-05-22,4199,Groceries,36.92485714285714
P0007,2023-05-29,4453,Groceries,38.114
P0007,2023-06-05,5219,Groceries,38.74885714285714
P0007,2023-06-12,4797,Groceries,39.88171428571428
P0007,2023-06-19,5141,Groceries,39.590857142857146
P0007,2023-06-26,3886,Groceries,35.36942857142857
P0007,2023-07-03,5410,Groceries,38.85
P0007,2023-07-10,4248,Groceries,35.854000000000006
P0007,2023-07-17,4869,Groceries,39.35457142857143
P0007,2023-07-24,5224,Groceries,39.85657142857143
P0007,2023-07-31,4767,Groceries,37.24857142857143
P0007,2023-08-07,5124,Groceries,38.51914285714286
P0007,2023-08-14,4598,Groceries,38.45771428571428
P0007,2023-08-21,5023,Groceries,37.73571428571429
P0007,2023-08-28,4173,Groceries,36.315714285714286
P0007,2023-09-04,4179,Groceries,35.97371428571429
P0007,2023-09-11,4315,Groceries,37.18514285714286
P0007,2023-09-18,4187,Groceries,35.492
P0007,2023-09-25,3922,Groceries,35.199714285714286
P0007,2023-10-02,4071,Groceries,35.580571428571425
P0007,2023-10-09,2312,Groceries,29.909999999999997
P0007,2023-10-16,2465,Groceries,31.745714285714282
P0007,2023-10-23,3737,Groceries,35.64857142857143
P0007,2023-10-30,4211,Groceries,36.10771428571429
P0007,2023-11-06,4963,Groceries,39.329142857142855
P0007,2023-11-13,4652,Groceries,37.751714285714286
P0007,2023-11-20,4377,Groceries,34.276857142857146
P0007,2023-11-27,3894,Groceries,35.47371428571429
P0007,2023-12-04,4177,Groceries,35.082857142857144
P0007,2023-12-11,3759,Groceries,33.89342857142857
P0007,2023-12-18,4509,Groceries,36.609428571428566
P0007,2023-12-25,2459,Groceries,31.710285714285718
P0007,2024-01-01,2340,Groceries,30.57
P0007,2024-01-08,3890,Groceries,36.10857142857143
P0007,2024-01-15,3470,Groceries,33.17028571428572
P0007,2024-01-22,3466,Groceries,33.054
P0007,2024-01-29,1150,Groceries,36.926
P0008,2021-12-27,985,Furniture,69.248
P0008,2022-01-03,3959,Furniture,68.73628571428571
P0008,2022-01-10,3708,Furniture,66.10285714285715
P0008,2022-01-17,3938,Furniture,66.49542857142858
P0008,2022-01-24,3628,Furniture,69.394
P0008,2022-01-31,3792,Furniture,66.26885714285714
P0008,2022-02-07,3777,Furniture,67.67371428571428
P0008,2022-02-14,3885,Furniture,68.03028571428571
P0008,2022-02-21,3989,Furniture,68.902
P0008,2022-02-28,3796,Furniture,71.50200000000001
P0008,2022-03-07,3881,Furniture,67.40228571428571
P0008,2022-03-14,4002,Furniture,66.45114285714286
P0008,2022-03-21,3594,Furniture,68.43714285714286
P0008,2022-03-28,3448,Furniture,69.29285714285714
P0008,2022-04-04,3538,Furniture,64.19657142857143
P0008,2022-04-11,3813,Furniture,67.93114285714286
P0008,2022-04-18,4368,Furniture,70.37885714285714
P0008,2022-04-25,2722,Furniture,61.646
P0008,2022-05-02,2431,Furniture,61.64628571428571
P0008,2022-05-09,2848,Furniture,61.01342857142856
P0008,2022-05-16,2546,Furniture,62.39142857142857
P0008,2022-05-23,3476,Furniture,64.326
P0008,2022-05-30,4219,Furniture,67.47771428571428
P0008,2022-06-06,3804,Furniture,67.24285714285715
P0008,2022-06-13,3573,Furniture,68.75885714285714
P0008,2022-06-20,4340,Furniture,69.42485714285714
P0008,2022-06-27,3075,Furniture,63.46142857142858
P0008,2022-07-04,2642,Furniture,62.56657142857143
P0008,2022-07-11,2409,Furniture,61.234
P0008,2022-07-18,2934,Furniture,60.41914285714286
P0008,2022-07-25,3983,Furniture,67.174
P0008,2022-08-01,4435,Furniture,70.71028571428572
P0008,2022-08-08,3741,Furniture,66.62285714285714
P0008,2022-08-15,3847,Furniture,69.22657142857142
P0008,2022-08-22,4337,Furniture,68.47828571428572
P0008,2022-08-29,3721,Furniture,69.89028571428571
P0008,2022-09-05,3421,Furniture,67.19828571428572
P0008,2022-09-12,4063,Furniture,67.64542857142858
P0008,2022-09-19,3756,Furniture,66.97542857142857
P0008,2022-09-26,3530,Furniture,65.74714285714286
P0008,2022-10-03,3616,Furniture,66.28114285714287
P0008,2022-10-10,3664,Furniture,65.27971428571429
P0008,2022-10-17,3761,Furniture,68.28571428571429
P0008,2022-10-24,3432,Furniture,67.48742857142857
P0008,2022-10-31,3633,Furniture,66.59828571428572
P0008,2022-11-07,3883,Furniture,67.6377142857143
P0008,2022-11-14,3415,Furniture,68.06342857142856
P0008,2022-11-21,3580,Furniture,68.226
P0008,2022-11-28,3572,Furniture,65.49428571428572
P0008,2022-12-05,4261,Furniture,68.39028571428571
P0008,2022-12-12,4136,Furniture,73.34085714285713
P0008,2022-12-19,3554,Furniture,66.57942857142858
P0008,2022-12-26,3777,Furniture,70.35742857142857
P0008,2023-01-02,4053,Furniture,66.34514285714286
P0008,2023-01-09,4317,Furniture,71.23371428571429
P0008,2023-01-16,3631,Furniture,68.35028571428572
P0008,2023-01-23,3362,Furniture,68.97428571428571
P0008,2023-01-30,2599,Furniture,60.22371428571429
P0008,2023-02-06,2391,Furniture,61.976571428571425
P0008,2023-02-13,2437,Furniture,64.86399999999999
P0008,2023-02-20,3017,Furniture,63.755428571428574
P0008,2023-02-27,4009,Furniture,63.834285714285706
P0008,2023-03-06,3318,Furniture,66.06428571428572
P0008,2023-03-13,3864,Furniture,68.36971428571428
P0008,2023-03-20,3745,Furniture,65.50571428571428
P0008,2023-03-27,3815,Furniture,70.10771428571428
P0008,2023-04-03,4278,Furniture,69.93028571428572
P0008,2023-04-10,3509,Furniture,70.57685714285715
P0008,2023-04-17,2861,Furniture,63.01257142857143
P0008,2023-04-24,2411,Furniture,61.405142857142856
P0008,2023-05-01,2365,Furniture,61.391999999999996
P0008,2023-05-08,3009,Furniture,61.895428571428575
P0008,2023-05-15,4038,Furniture,65.56342857142857
P0008,2023-05-22,3413,Furniture,65.92028571428571
P0008,2023-05-29,3885,Furniture,70.58628571428571
P0008,2023-06-05,4370,Furniture,69.56914285714286
P0008,2023-06-12,3853,Furniture,68.95142857142858
P0008,2023-06-19,4557,Furniture,68.94314285714286
P0008,2023-06-26,5564,Furniture,78.79085714285713
P0008,2023-07-03,5363,Furniture,71.96714285714286
P0008,2023-07-10,4033,Furniture,69.98314285714285
P0008,2023-07-17,3861,Furniture,69.816
P0008,2023-07-24,4416,Furniture,72.72942857142857
P0008,2023-07-31,3959,Furniture,69.29542857142857
P0008,2023-08-07,4858,Furniture,70.97457142857144
P0008,2023-08-14,3474,Furniture,66.20057142857142
P0008,2023-08-21,4216,Furniture,70.26971428571429
P0008,2023-08-28,3996,Furniture,68.43485714285715
P0008,2023-09-04,3885,Furniture,67.21371428571429
P0008,2023-09-11,3412,Furniture,67.23885714285714
P0008,2023-09-18,3945,Furniture,67.22114285714285
P0008,2023-09-25,3680,Furniture,65.20714285714286
P0008,2023-10-02,3445,Furniture,64.16
P0008,2023-10-09,2357,Furniture,59.25714285714286
P0008,2023-10-16,2774,Furniture,60.669714285714285
P0008,2023-10-23,3401,Furniture,66.60714285714286
P0008,2023-10-30,3735,Furniture,69.24114285714286
P0008,2023-11-06,3711,Furniture,65.92657142857142
P0008,2023-11-13,3646,Furniture,65.64857142857143
P0008,2023-11-20,3263,Furniture,66.95542857142857
P0008,2023-11-27,3572,Furniture,69.32657142857143
P0008,2023-12-04,3799,Furniture,68.52542857142856
P0008,2023-12-11,4049,Furniture,67.24114285714286
P0008,2023-12-18,4247,Furniture,71.702
P0008,2023-12-25,3007,Furniture,64.262
P0008,2024-01-01,2700,Furniture,61.713428571428565
P0008,2024-01-08,3744,Furniture,68.87457142857143
P0008,2024-01-15,4009,Furniture,69.99571428571429
P0008,2024-01-22,4021,Furniture,68.21342857142857
P0008,2024-01-29,1051,Furniture,71.186
P0009,2021-12-27,1227,Clothing,86.433
P0009,2022-01-03,4871,Clothing,87.20171428571429
P0009,2022-01-10,4789,Clothing,85.32685714285715
P0009,2022-01-17,3846,Clothing,79.51628571428571
P0009,2022-01-24,2963,Clothing,76.89628571428571
P0009,2022-01-31,4904,Clothing,86.88685714285714
P0009,2022-02-07,4179,Clothing,87.71542857142857
P0009,2022-02-14,4712,Clothing,85.33085714285714
P0009,2022-02-21,4301,Clothing,85.03285714285714
P0009,2022-02-28,4158,Clothing,84.078
P0009,2022-03-07,4310,Clothing,81.31914285714286
P0009,2022-03-14,4227,Clothing,85.8157142857143
P0009,2022-03-21,4550,Clothing,82.60971428571429
P0009,2022-03-28,3381,Clothing,79.65314285714287
P0009,2022-04-04,3737,Clothing,82.09428571428572
P0009,2022-04-11,4263,Clothing,84.3757142857143
P0009,2022-04-18,3672,Clothing,81.17914285714285
P0009,2022-04-25,3295,Clothing,75.65114285714286
P0009,2022-05-02,3126,Clothing,78.51285714285714
P0009,2022-05-09,3059,Clothing,75.97571428571429
P0009,2022-05-16,3331,Clothing,76.764
P0009,2022-05-23,4334,Clothing,79.64685714285714
P0009,2022-05-30,4218,Clothing,86.51857142857143
P0009,2022-06-06,4034,Clothing,84.16085714285714
P0009,2022-06-13,4592,Clothing,81.71542857142857
P0009,2022-06-20,4710,Clothing,83.72314285714286
P0009,2022-06-27,4051,Clothing,83.83685714285714
P0009,2022-07-04,3906,Clothing,80.58314285714285
P0009,2022-07-11,2922,Clothing,78.96971428571429
P0009,2022-07-18,4314,Clothing,82.50685714285714
P0009,2022-07-25,5433,Clothing,92.11571428571429
P0009,2022-08-01,4051,Clothing,85.42114285714285
P0009,2022-08-08,5209,Clothing,85.20914285714287
P0009,2022-08-15,4452,Clothing,88.168
P0009,2022-08-22,5199,Clothing,87.27285714285715
P0009,2022-08-29,4320,Clothing,81.62057142857144
P0009,2022-09-05,4273,Clothing,83.25114285714285
P0009,2022-09-12,4429,Clothing,81.75142857142858
P0009,2022-09-19,3731,Clothing,85.02771428571428
P0009,2022-09-26,3415,Clothing,80.36714285714285
P0009,2022-10-03,4323,Clothing,81.74828571428571
P0009,2022-10-10,4496,Clothing,83.95828571428571
P0009,2022-10-17,3347,Clothing,78.86257142857143
P0009,2022-10-24,3940,Clothing,81.31400000000001
P0009,2022-10-31,4198,Clothing,80.99228571428571
P0009,2022-11-07,4201,Clothing,81.6782857142857
P0009,2022-11-14,4107,Clothing,84.01228571428571
P0009,2022-11-21,4140,Clothing,84.66171428571428
P0009,2022-11-28,3899,Clothing,84.8757142857143
P0009,2022-12-05,4436,Clothing,86.74600000000001
P0009,2022-12-12,4241,Clothing,82.37485714285714
P0009,2022-12-19,4880,Clothing,85.27285714285713
P0009,2022-12-26,4211,Clothing,88.884
P0009,2023-01-02,4310,Clothing,87.00228571428572
P0009,2023-01-09,4183,Clothing,84.25028571428572
P0009,2023-01-16,5133,Clothing,86.92514285714286
P0009,2023-01-23,4143,Clothing,82.02057142857143
P0009,2023-01-30,3867,Clothing,85.11085714285714
P0009,2023-02-06,3469,Clothing,79.85314285714286
P0009,2023-02-13,3633,Clothing,80.584
P0009,2023-02-20,3485,Clothing,79.18028571428572
P0009,2023-02-27,3949,Clothing,80.52771428571428
P0009,2023-03-06,4054,Clothing,83.89028571428571
P0009,2023-03-13,4667,Clothing,81.61914285714286
P0009,2023-03-20,4315,Clothing,84.10571428571428
P0009,2023-03-27,3857,Clothing,84.17542857142857
P0009,2023-04-03,4687,Clothing,79.98514285714286
P0009,2023-04-10,3005,Clothing,76.804
P0009,2023-04-17,3279,Clothing,75.93857142857142
P0009,2023-04-24,3016,Clothing,78.24428571428572
P0009,2023-05-01,3233,Clothing,76.97657142857142
P0009,2023-05-08,3433,Clothing,75.744
P0009,2023-05-15,4133,Clothing,84.86371428571428
P0009,2023-05-22,4596,Clothing,84.79485714285715
P0009,2023-05-29,4082,Clothing,84.10857142857144
P0009,2023-06-05,5275,Clothing,89.12628571428571
P0009,2023-06-12,4609,Clothing,90.77085714285714
P0009,2023-06-19,3690,Clothing,77.96714285714286
P0009,2023-06-26,4142,Clothing,79.53628571428571
P0009,2023-07-03,5061,Clothing,86.56542857142857
P0009,2023-07-10,4463,Clothing,87.32114285714285
P0009,2023-07-17,4564,Clothing,87.77885714285713
P0009,2023-07-24,4455,Clothing,84.29685714285714
P0009,2023-07-31,4440,Clothing,83.90857142857143
P0009,2023-08-07,4529,Clothing,88.078
P0009,2023-08-14,4894,Clothing,86.43285714285715
P0009,2023-08-21,4514,Clothing,83.96514285714287
P0009,2023-08-28,4027,Clothing,83.46914285714286
P0009,2023-09-04,4210,Clothing,85.25342857142857
P0009,2023-09-11,4713,Clothing,82.55542857142858
P0009,2023-09-18,3873,Clothing,81.78114285714287
P0009,2023-09-25,3531,Clothing,81.88057142857143
P0009,2023-10-02,3794,Clothing,79.9
P0009,2023-10-09,2830,Clothing,76.89114285714285
P0009,2023-10-16,3233,Clothing,77.19371428571428
P0009,2023-10-23,4872,Clothing,84.51857142857143
P0009,2023-10-30,4057,Clothing,80.16742857142857
P0009,2023-11-06,3837,Clothing,82.69571428571429
P0009,2023-11-13,4074,Clothing,80.11714285714285
P0009,2023-11-20,4008,Clothing,82.37457142857143
P0009,2023-11-27,4469,Clothing,83.79028571428572
P0009,2023-12-04,5601,Clothing,94.93628571428572
P0009,2023-12-11,5228,Clothing,88.32
P0009,2023-12-18,4427,Clothing,86.20428571428572
P0009,2023-12-25,3539,Clothing,79.916
P0009,2024-01-01,3403,Clothing,79.26457142857143
P0009,2024-01-08,4177,Clothing,84.13114285714286
P0009,2024-01-15,4535,Clothing,83.11114285714285
P0009,2024-01-22,4779,Clothing,87.96028571428572
P0009,2024-01-29,1029,Clothing,83.473
P0010,2021-12-27,1395,Groceries,72.703
P0010,2022-01-03,4213,Groceries,69.564
P0010,2022-01-10,3978,Groceries,67.86257142857143
P0010,2022-01-17,4373,Groceries,67.38000000000001
P0010,2022-01-24,3502,Groceries,66.08714285714287
P0010,2022-01-31,4153,Groceries,69.78314285714285
P0010,2022-02-07,4111,Groceries,68.53685714285714
P0010,2022-02-14,4009,Groceries,67.28485714285713
P0010,2022-02-21,2919,Groceries,60.310857142857145
P0010,2022-02-28,3909,Groceries,65.01742857142858
P0010,2022-03-07,3652,Groceries,68.86514285714286
P0010,2022-03-14,4359,Groceries,68.31828571428571
P0010,2022-03-21,5413,Groceries,74.03514285714286
P0010,2022-03-28,4572,Groceries,72.73542857142857
P0010,2022-04-04,3824,Groceries,67.99942857142857
P0010,2022-04-11,4711,Groceries,67.98742857142857
P0010,2022-04-18,3659,Groceries,66.70457142857143
P0010,2022-04-25,2548,Groceries,59.116
P0010,2022-05-02,2786,Groceries,58.95657142857143
P0010,2022-05-09,2351,Groceries,57.93
P0010,2022-05-16,2622,Groceries,57.86942857142857
P0010,2022-05-23,3357,Groceries,65.37657142857142
P0010,2022-05-30,2913,Groceries,62.286571428571435
P0010,2022-06-06,4226,Groceries,68.12828571428572
P0010,2022-06-13,4633,Groceries,67.6497142857143
P0010,2022-06-20,4612,Groceries,69.34828571428572
P0010,2022-06-27,3171,Groceries,62.79714285714286
P0010,2022-07-04,2979,Groceries,59.783142857142856
P0010,2022-07-11,2939,Groceries,60.19200000000001
P0010,2022-07-18,2956,Groceries,59.31628571428572
P0010,2022-07-25,4623,Groceries,70.8497142857143
P0010,2022-08-01,4934,Groceries,70.09857142857142
P0010,2022-08-08,4476,Groceries,69.61314285714286
P0010,2022-08-15,4443,Groceries,71.548
P0010,2022-08-22,4402,Groceries,69.02314285714286
P0010,2022-08-29,4210,Groceries,68.82914285714286
P0010,2022-09-05,4543,Groceries,65.472
P0010,2022-09-12,3903,Groceries,69.65771428571429
P0010,2022-09-19,3976,Groceries,69.00885714285714
P0010,2022-09-26,4050,Groceries,70.17942857142857
P0010,2022-10-03,4332,Groceries,65.69342857142857
P0010,2022-10-10,3739,Groceries,65.44514285714286
P0010,2022-10-17,4054,Groceries,66.076
P0010,2022-10-24,3396,Groceries,66.35857142857144
P0010,2022-10-31,3792,Groceries,65.666
P0010,2022-11-07,4343,Groceries,67.55342857142857
P0010,2022-11-14,4010,Groceries,63.994571428571426
P0010,2022-11-21,3705,Groceries,69.53914285714285
P0010,2022-11-28,4155,Groceries,68.36942857142857
P0010,2022-12-05,3983,Groceries,67.18828571428571
P0010,2022-12-12,4364,Groceries,68.662
P0010,2022-12-19,4148,Groceries,68.398
P0010,2022-12-26,4126,Groceries,69.49857142857142
P0010,2023-01-02,4367,Groceries,68.16371428571429
P0010,2023-01-09,3931,Groceries,67.04228571428571
P0010,2023-01-16,3880,Groceries,67.578
P0010,2023-01-23,4146,Groceries,66.28771428571429
P0010,2023-01-30,2274,Groceries,57.98
P0010,2023-02-06,2594,Groceries,58.44228571428572
P0010,2023-02-13,2585,Groceries,57.038
P0010,2023-02-20,2663,Groceries,57.86628571428571
P0010,2023-02-27,3527,Groceries,66.59342857142857
P0010,2023-03-06,4032,Groceries,65.00200000000001
P0010,2023-03-13,3991,Groceries,68.24914285714286
P0010,2023-03-20,4407,Groceries,69.68542857142857
P0010,2023-03-27,3867,Groceries,68.30342857142857
P0010,2023-04-03,4085,Groceries,68.95885714285714
P0010,2023-04-10,2867,Groceries,61.17657142857142
P0010,2023-04-17,2786,Groceries,57.650571428571425
P0010,2023-04-24,2340,Groceries,59.19228571428572
P0010,2023-05-01,2343,Groceries,56.42942857142857
P0010,2023-05-08,2463,Groceries,59.45
P0010,2023-05-15,4521,Groceries,67.18257142857142
P0010,2023-05-22,3947,Groceries,64.64857142857143
P0010,2023-05-29,4168,Groceries,69.282
P0010,2023-06-05,4498,Groceries,71.48314285714285
P0010,2023-06-12,4402,Groceries,72.05942857142857
P0010,2023-06-19,5664,Groceries,72.35114285714286
P0010,2023-06-26,4861,Groceries,69.582
P0010,2023-07-03,5220,Groceries,72.77942857142858
P0010,2023-07-10,4504,Groceries,70.7217142857143
P0010,2023-07-17,4873,Groceries,69.52142857142857
P0010,2023-07-24,4612,Groceries,72.31028571428571
P0010,2023-07-31,4734,Groceries,73.27257142857142
P0010,2023-08-07,4799,Groceries,69.76371428571429
P0010,2023-08-14,4723,Groceries,70.53057142857143
P0010,2023-08-21,4699,Groceries,68.33
P0010,2023-08-28,4637,Groceries,72.86485714285715
P0010,2023-09-04,3976,Groceries,66.15685714285713
P0010,2023-09-11,4020,Groceries,67.23571428571428
P0010,2023-09-18,4087,Groceries,69.184
P0010,2023-09-25,3805,Groceries,69.20314285714286
P0010,2023-10-02,3789,Groceries,62.742571428571424
P0010,2023-10-09,2419,Groceries,58.78857142857142
P0010,2023-10-16,2678,Groceries,57.61342857142857
P0010,2023-10-23,3507,Groceries,64.99799999999999
P0010,2023-10-30,4326,Groceries,69.75885714285714
P0010,2023-11-06,4086,Groceries,66.45942857142857
P0010,2023-11-13,4062,Groceries,67.67257142857143
P0010,2023-11-20,3894,Groceries,68.46971428571429
P0010,2023-11-27,3874,Groceries,71.41114285714285
P0010,2023-12-04,4251,Groceries,68.22771428571428
P0010,2023-12-11,3739,Groceries,67.33342857142857
P0010,2023-12-18,4409,Groceries,68.70057142857142
P0010,2023-12-25,3045,Groceries,61.92514285714286
P0010,2024-01-01,2932,Groceries,59.18485714285714
P0010,2024-01-08,3813,Groceries,66.438
P0010,2024-01-15,3884,Groceries,65.45428571428572
P0010,2024-01-22,3916,Groceries,67.69057142857143
P0010,2024-01-29,990,Groceries,68.00800000000001
P0011,2021-12-27,1065,Clothing,98.898
P0011,2022-01-03,4115,Clothing,101.72514285714286
P0011,2022-01-10,3651,Clothing,107.95657142857142
P0011,2022-01-17,4003,Clothing,100.43628571428572
P0011,2022-01-24,3856,Clothing,102.63428571428571
P0011,2022-01-31,4474,Clothing,103.02085714285714
P0011,2022-02-07,5035,Clothing,112.61171428571429
P0011,2022-02-14,3935,Clothing,107.48742857142857
P0011,2022-02-21,3680,Clothing,101.08485714285713
P0011,2022-02-28,3933,Clothing,105.39228571428572
P0011,2022-03-07,3635,Clothing,100.81085714285715
P0011,2022-03-14,3646,Clothing,100.77285714285715
P0011,2022-03-21,3956,Clothing,105.19628571428571
P0011,2022-03-28,3432,Clothing,100.284
P0011,2022-04-04,4315,Clothing,103.89257142857143
P0011,2022-04-11,4054,Clothing,103.74971428571429
P0011,2022-04-18,3255,Clothing,100.96257142857144
P0011,2022-04-25,2378,Clothing,86.738
P0011,2022-05-02,2461,Clothing,93.438
P0011,2022-05-09,2747,Clothing,84.98485714285714
P0011,2022-05-16,2335,Clothing,86.73885714285714
P0011,2022-05-23,2897,Clothing,96.95714285714286
P0011,2022-05-30,3533,Clothing,104.57571428571428
P0011,2022-06-06,3792,Clothing,102.108
P0011,2022-06-13,4156,Clothing,100.50828571428572
P0011,2022-06-20,3878,Clothing,104.21914285714286
P0011,2022-06-27,2698,Clothing,91.16828571428572
P0011,2022-07-04,2884,Clothing,89.81828571428571
P0011,2022-07-11,2741,Clothing,89.70028571428573
P0011,2022-07-18,2362,Clothing,90.74914285714286
P0011,2022-07-25,3670,Clothing,99.39828571428572
P0011,2022-08-01,4011,Clothing,105.39228571428572
P0011,2022-08-08,3985,Clothing,101.64428571428572
P0011,2022-08-15,3937,Clothing,105.13342857142857
P0011,2022-08-22,5318,Clothing,115.40914285714287
P0011,2022-08-29,4284,Clothing,107.28028571428571
P0011,2022-09-05,4276,Clothing,101.68085714285714
P0011,2022-09-12,3571,Clothing,100.97228571428572
P0011,2022-09-19,3038,Clothing,99.16171428571428
P0011,2022-09-26,3440,Clothing,95.15685714285715
P0011,2022-10-03,3513,Clothing,99.09857142857142
P0011,2022-10-10,3832,Clothing,102.784
P0011,2022-10-17,3128,Clothing,97.96400000000001
P0011,2022-10-24,3687,Clothing,101.91828571428572
P0011,2022-10-31,3545,Clothing,100.50085714285714
P0011,2022-11-07,3667,Clothing,97.95485714285715
P0011,2022-11-14,3182,Clothing,97.58771428571428
P0011,2022-11-21,3613,Clothing,100.57885714285715
P0011,2022-11-28,3446,Clothing,96.48257142857142
P0011,2022-12-05,4128,Clothing,108.14971428571428
P0011,2022-12-12,4084,Clothing,103.784
P0011,2022-12-19,4083,Clothing,103.23342857142858
P0011,2022-12-26,3888,Clothing,107.37114285714286
P0011,2023-01-02,3600,Clothing,99.472
P0011,2023-01-09,3794,Clothing,104.15314285714287
P0011,2023-01-16,4325,Clothing,106.90971428571429
P0011,2023-01-23,3580,Clothing,100.51142857142857
P0011,2023-01-30,2348,Clothing,88.944
P0011,2023-02-06,2521,Clothing,89.63428571428571
P0011,2023-02-13,2403,Clothing,86.276
P0011,2023-02-20,2458,Clothing,86.69628571428571
P0011,2023-02-27,3283,Clothing,98.51885714285714
P0011,2023-03-06,3724,Clothing,100.99371428571428
P0011,2023-03-13,3729,Clothing,98.82914285714286
P0011,2023-03-20,4146,Clothing,106.56942857142856
P0011,2023-03-27,3556,Clothing,101.49685714285714
P0011,2023-04-03,3439,Clothing,98.64257142857143
P0011,2023-04-10,2700,Clothing,90.80057142857143
P0011,2023-04-17,2443,Clothing,86.2337142857143
P0011,2023-04-24,2206,Clothing,90.30257142857143
P0011,2023-05-01,2405,Clothing,87.52085714285714
P0011,2023-05-08,2712,Clothing,90.72714285714285
P0011,2023-05-15,3815,Clothing,103.154
P0011,2023-05-22,3832,Clothing,103.8
P0011,2023-05-29,3357,Clothing,100.29085714285713
P0011,2023-06-05,4001,Clothing,102.79199999999999
P0011,2023-06-12,2370,Clothing,93.14085714285714
P0011,2023-06-19,3638,Clothing,96.69028571428571
P0011,2023-06-26,3652,Clothing,105.31228571428572
P0011,2023-07-03,4447,Clothing,107.43971428571429
P0011,2023-07-10,3580,Clothing,99.00571428571428
P0011,2023-07-17,4041,Clothing,103.58885714285715
P0011,2023-07-24,3946,Clothing,107.85371428571429
P0011,2023-07-31,4036,Clothing,103.472
P0011,2023-08-07,4333,Clothing,103.92342857142857
P0011,2023-08-14,3740,Clothing,104.71142857142857
P0011,2023-08-21,3928,Clothing,101.57485714285714
P0011,2023-08-28,3597,Clothing,100.99828571428571
P0011,2023-09-04,4050,Clothing,103.87885714285714
P0011,2023-09-11,4128,Clothing,103.05542857142858
P0011,2023-09-18,3319,Clothing,101.78428571428572
P0011,2023-09-25,3537,Clothing,104.26428571428572
P0011,2023-10-02,3145,Clothing,97.62142857142857
P0011,2023-10-09,2142,Clothing,86.43342857142858
P0011,2023-10-16,2493,Clothing,89.206
P0011,2023-10-23,3312,Clothing,99.38628571428572
P0011,2023-10-30,3520,Clothing,101.988
P0011,2023-11-06,3718,Clothing,102.80142857142857
P0011,2023-11-13,3505,Clothing,99.32285714285715
P0011,2023-11-20,3506,Clothing,94.90514285714285
P0011,2023-11-27,3698,Clothing,105.50314285714286
P0011,2023-12-04,4016,Clothing,101.08742857142857
P0011,2023-12-11,3613,Clothing,101.73885714285714
P0011,2023-12-18,3541,Clothing,101.78714285714287
P0011,2023-12-25,2768,Clothing,93.62314285714285
P0011,2024-01-01,2739,Clothing,85.41485714285714
P0011,2024-01-08,3704,Clothing,100.71657142857143
P0011,2024-01-15,4051,Clothing,100.2717142857143
P0011,2024-01-22,3459,Clothing,104.29828571428571
P0011,2024-01-29,889,Clothing,100.764
P0012,2021-12-27,1084,Electronics,99.877
P0012,2022-01-03,3656,Electronics,92.68514285714286
P0012,2022-01-10,2833,Electronics,90.688
P0012,2022-01-17,2684,Electronics,90.73457142857143
P0012,2022-01-24,3305,Electronics,95.60285714285715
P0012,2022-01-31,3403,Electronics,91.95085714285715
P0012,2022-02-07,3525,Electronics,93.71885714285713
P0012,2022-02-14,3370,Electronics,96.48771428571429
P0012,2022-02-21,3386,Electronics,96.57142857142857
P0012,2022-02-28,3831,Electronics,95.21542857142857
P0012,2022-03-07,3214,Electronics,98.11371428571428
P0012,2022-03-14,3261,Electronics,92.76885714285714
P0012,2022-03-21,3310,Electronics,96.19114285714286
P0012,2022-03-28,3494,Electronics,95.51657142857142
P0012,2022-04-04,4118,Electronics,96.91914285714286
P0012,2022-04-11,3556,Electronics,95.61257142857143
P0012,2022-04-18,3161,Electronics,93.93057142857144
P0012,2022-04-25,1530,Electronics,81.87599999999999
P0012,2022-05-02,2098,Electronics,79.38542857142856
P0012,2022-05-09,1630,Electronics,82.334
P0012,2022-05-16,1851,Electronics,79.74342857142857
P0012,2022-05-23,2793,Electronics,88.56914285714286
P0012,2022-05-30,3415,Electronics,98.77542857142856
P0012,2022-06-06,3672,Electronics,96.05742857142857
P0012,2022-06-13,3360,Electronics,96.20371428571428
P0012,2022-06-20,4257,Electronics,99.38342857142857
P0012,2022-06-27,2548,Electronics,89.92285714285715
P0012,2022-07-04,2860,Electronics,85.03714285714287
P0012,2022-07-11,2008,Electronics,81.93457142857143
P0012,2022-07-18,1726,Electronics,83.57085714285715
P0012,2022-07-25,3877,Electronics,97.69228571428572
P0012,2022-08-01,3253,Electronics,94.95628571428571
P0012,2022-08-08,4003,Electronics,98.8217142857143
P0012,2022-08-15,3920,Electronics,101.098
P0012,2022-08-22,3870,Electronics,95.97971428571428
P0012,2022-08-29,3852,Electronics,100.47314285714286
P0012,2022-09-05,3226,Electronics,93.066
P0012,2022-09-12,3417,Electronics,95.23971428571429
P0012,2022-09-19,3051,Electronics,92.42885714285715
P0012,2022-09-26,3565,Electronics,97.49114285714286
P0012,2022-10-03,3540,Electronics,96.6
P0012,2022-10-10,3623,Electronics,97.35657142857143
P0012,2022-10-17,3518,Electronics,94.17857142857143
P0012,2022-10-24,3164,Electronics,93.81342857142856
P0012,2022-10-31,3679,Electronics,96.89657142857143
P0012,2022-11-07,3512,Electronics,95.93599999999999
P0012,2022-11-14,3528,Electronics,95.59485714285715
P0012,2022-11-21,3348,Electronics,95.57428571428571
P0012,2022-11-28,3310,Electronics,97.0282857142857
P0012,2022-12-05,3272,Electronics,95.56257142857143
P0012,2022-12-12,3795,Electronics,94.656
P0012,2022-12-19,3584,Electronics,94.48971428571429
P0012,2022-12-26,3400,Electronics,95.80428571428571
P0012,2023-01-02,3628,Electronics,97.59200000000001
P0012,2023-01-09,3609,Electronics,93.546
P0012,2023-01-16,3718,Electronics,97.932
P0012,2023-01-23,3237,Electronics,94.15742857142858
P0012,2023-01-30,1765,Electronics,78.51371428571429
P0012,2023-02-06,1955,Electronics,81.83942857142857
P0012,2023-02-13,1853,Electronics,82.4962857142857
P0012,2023-02-20,1709,Electronics,83.76142857142857
P0012,2023-02-27,3149,Electronics,94.21428571428571
P0012,2023-03-06,3800,Electronics,93.30857142857144
P0012,2023-03-13,3564,Electronics,96.73057142857144
P0012,2023-03-20,3266,Electronics,94.328
P0012,2023-03-27,3184,Electronics,98.97257142857143
P0012,2023-04-03,3537,Electronics,94.69314285714285
P0012,2023-04-10,2480,Electronics,83.02942857142857
P0012,2023-04-17,1846,Electronics,85.69
P0012,2023-04-24,1808,Electronics,80.58685714285714
P0012,2023-05-01,1723,Electronics,80.52
P0012,2023-05-08,2112,Electronics,86.2402857142857
P0012,2023-05-15,4002,Electronics,95.62457142857143
P0012,2023-05-22,4232,Electronics,99.48628571428571
P0012,2023-05-29,2886,Electronics,93.45771428571429
P0012,2023-06-05,4086,Electronics,96.878
P0012,2023-06-12,3981,Electronics,97.25828571428572
P0012,2023-06-19,3547,Electronics,99.2282857142857
P0012,2023-06-26,3523,Electronics,98.20257142857143
P0012,2023-07-03,3449,Electronics,96.89942857142857
P0012,2023-07-10,3843,Electronics,97.71885714285713
P0012,2023-07-17,3380,Electronics,93.482
P0012,2023-07-24,2448,Electronics,87.81457142857144
P0012,2023-07-31,3406,Electronics,94.28657142857143
P0012,2023-08-07,3911,Electronics,97.94771428571428
P0012,2023-08-14,3738,Electronics,100.17771428571429
P0012,2023-08-21,3764,Electronics,96.52085714285714
P0012,2023-08-28,3364,Electronics,95.50314285714286
P0012,2023-09-04,3562,Electronics,95.71285714285713
P0012,2023-09-11,3049,Electronics,93.04542857142857
P0012,2023-09-18,3542,Electronics,97.83142857142857
P0012,2023-09-25,3394,Electronics,95.04
P0012,2023-10-02,2836,Electronics,89.72085714285714
P0012,2023-10-09,1902,Electronics,78.33514285714286
P0012,2023-10-16,1907,Electronics,80.546
P0012,2023-10-23,2948,Electronics,94.50314285714286
P0012,2023-10-30,3305,Electronics,96.33971428571428
P0012,2023-11-06,3425,Electronics,95.42571428571429
P0012,2023-11-13,3923,Electronics,97.43657142857144
P0012,2023-11-20,4259,Electronics,101.71028571428572
P0012,2023-11-27,3729,Electronics,100.59114285714286
P0012,2023-12-04,3510,Electronics,97.20857142857143
P0012,2023-12-11,3609,Electronics,95.12171428571429
P0012,2023-12-18,3439,Electronics,95.71342857142857
P0012,2023-12-25,2130,Electronics,85.72142857142858
P0012,2024-01-01,1785,Electronics,83.7717142857143
P0012,2024-01-08,3528,Electronics,92.414
P0012,2024-01-15,3467,Electronics,97.14285714285714
P0012,2024-01-22,3310,Electronics,94.076
P0012,2024-01-29,907,Electronics,99.62
P0013,2021-12-27,1148,Groceries,45.569
P0013,2022-01-03,4127,Groceries,44.281142857142854
P0013,2022-01-10,4443,Groceries,45.20171428571428
P0013,2022-01-17,4148,Groceries,43.39542857142857
P0013,2022-01-24,4103,Groceries,44.440000000000005
P0013,2022-01-31,3893,Groceries,44.64857142857143
P0013,2022-02-07,3885,Groceries,46.33
P0013,2022-02-14,4319,Groceries,46.28
P0013,2022-02-21,5569,Groceries,46.13999999999999
P0013,2022-02-28,4728,Groceries,45.93028571428571
P0013,2022-03-07,4624,Groceries,44.859428571428566
P0013,2022-03-14,4169,Groceries,43.63628571428571
P0013,2022-03-21,4414,Groceries,44.451142857142855
P0013,2022-03-28,4188,Groceries,47.59885714285714
P0013,2022-04-04,4778,Groceries,44.143142857142855
P0013,2022-04-11,4280,Groceries,45.202
P0013,2022-04-18,3692,Groceries,44.175714285714285
P0013,2022-04-25,2441,Groceries,38.51685714285714
P0013,2022-05-02,2348,Groceries,38.97971428571429
P0013,2022-05-09,2214,Groceries,38.704571428571434
P0013,2022-05-16,2603,Groceries,38.77514285714285
P0013,2022-05-23,3599,Groceries,40.98771428571428
P0013,2022-05-30,4986,Groceries,44.55171428571428
P0013,2022-06-06,4998,Groceries,48.81742857142857
P0013,2022-06-13,4846,Groceries,48.77142857142857
P0013,2022-06-20,5292,Groceries,50.39828571428571
P0013,2022-06-27,2837,Groceries,42.22057142857143
P0013,2022-07-04,2953,Groceries,41.31171428571429
P0013,2022-07-11,3223,Groceries,40.330285714285715
P0013,2022-07-18,2679,Groceries,40.05885714285714
P0013,2022-07-25,5048,Groceries,46.87171428571428
P0013,2022-08-01,4934,Groceries,45.65257142857143
P0013,2022-08-08,4548,Groceries,48.69285714285714
P0013,2022-08-15,4891,Groceries,47.464571428571425
P0013,2022-08-22,5216,Groceries,48.827714285714286
P0013,2022-08-29,4263,Groceries,46.84257142857143
P0013,2022-09-05,3982,Groceries,43.10914285714286
P0013,2022-09-12,4097,Groceries,43.53485714285714
P0013,2022-09-19,3963,Groceries,43.06314285714286
P0013,2022-09-26,5412,Groceries,47.70514285714286
P0013,2022-10-03,4137,Groceries,44.792
P0013,2022-10-10,4184,Groceries,44.681714285714285
P0013,2022-10-17,4353,Groceries,44.386
P0013,2022-10-24,3913,Groceries,44.43342857142857
P0013,2022-10-31,3989,Groceries,46.59057142857143
P0013,2022-11-07,4029,Groceries,43.709714285714284
P0013,2022-11-14,4371,Groceries,46.620000000000005
P0013,2022-11-21,4879,Groceries,46.260285714285715
P0013,2022-11-28,3738,Groceries,45.83228571428571
P0013,2022-12-05,4155,Groceries,43.68828571428571
P0013,2022-12-12,4422,Groceries,45.94285714285714
P0013,2022-12-19,4366,Groceries,43.55171428571428
P0013,2022-12-26,4023,Groceries,43.568285714285715
P0013,2023-01-02,4534,Groceries,45.470285714285716
P0013,2023-01-09,4501,Groceries,45.559714285714286
P0013,2023-01-16,3823,Groceries,42.942571428571426
P0013,2023-01-23,2882,Groceries,39.684285714285714
P0013,2023-01-30,2697,Groceries,38.74028571428572
P0013,2023-02-06,2465,Groceries,38.03657142857143
P0013,2023-02-13,2520,Groceries,38.910000000000004
P0013,2023-02-20,2540,Groceries,39.02885714285714
P0013,2023-02-27,3948,Groceries,45.007714285714286
P0013,2023-03-06,4836,Groceries,45.85228571428571
P0013,2023-03-13,6069,Groceries,50.036
P0013,2023-03-20,4706,Groceries,46.97371428571429
P0013,2023-03-27,4036,Groceries,45.53828571428571
P0013,2023-04-03,4791,Groceries,43.32342857142857
P0013,2023-04-10,2542,Groceries,39.749428571428574
P0013,2023-04-17,2487,Groceries,37.881142857142855
P0013,2023-04-24,2540,Groceries,38.66028571428572
P0013,2023-05-01,2619,Groceries,39.978857142857144
P0013,2023-05-08,3041,Groceries,38.16542857142857
P0013,2023-05-15,4528,Groceries,45.12485714285714
P0013,2023-05-22,4220,Groceries,46.06028571428571
P0013,2023-05-29,4937,Groceries,47.27142857142857
P0013,2023-06-05,5281,Groceries,46.492285714285714
P0013,2023-06-12,4597,Groceries,48.78657142857143
P0013,2023-06-19,4641,Groceries,47.08342857142858
P0013,2023-06-26,4747,Groceries,48.49257142857143
P0013,2023-07-03,4902,Groceries,46.196
P0013,2023-07-10,4726,Groceries,46.23685714285714
P0013,2023-07-17,4713,Groceries,47.61314285714286
P0013,2023-07-24,5358,Groceries,49.72228571428571
P0013,2023-07-31,5058,Groceries,48.55771428571428
P0013,2023-08-07,5310,Groceries,48.442571428571426
P0013,2023-08-14,5967,Groceries,51.53342857142857
P0013,2023-08-21,4658,Groceries,47.150571428571425
P0013,2023-08-28,4555,Groceries,48.682857142857145
P0013,2023-09-04,4223,Groceries,43.986285714285714
P0013,2023-09-11,4249,Groceries,44.030857142857144
P0013,2023-09-18,3880,Groceries,43.904
P0013,2023-09-25,3956,Groceries,45.05
P0013,2023-10-02,3694,Groceries,43.46771428571429
P0013,2023-10-09,2428,Groceries,38.511428571428574
P0013,2023-10-16,2676,Groceries,38.59714285714286
P0013,2023-10-23,3508,Groceries,42.71857142857143
P0013,2023-10-30,4315,Groceries,45.834857142857146
P0013,2023-11-06,3692,Groceries,42.879999999999995
P0013,2023-11-13,3494,Groceries,42.83742857142857
P0013,2023-11-20,3154,Groceries,38.996857142857145
P0013,2023-11-27,4407,Groceries,46.500571428571426
P0013,2023-12-04,4022,Groceries,44.313428571428574
P0013,2023-12-11,4218,Groceries,44.47685714285714
P0013,2023-12-18,4390,Groceries,46.52657142857143
P0013,2023-12-25,2551,Groceries,40.018857142857144
P0013,2024-01-01,2551,Groceries,36.99514285714285
P0013,2024-01-08,3517,Groceries,42.208
P0013,2024-01-15,4271,Groceries,45.79714285714286
P0013,2024-01-22,4427,Groceries,44.57571428571429
P0013,2024-01-29,1057,Groceries,45.116
P0014,2021-12-27,836,Groceries,117.63499999999999
P0014,2022-01-03,4013,Groceries,119.26485714285715
P0014,2022-01-10,3328,Groceries,122.93628571428573
P0014,2022-01-17,3680,Furniture,123.754
P0014,2022-01-24,3574,Groceries,123.07257142857142
P0014,2022-01-31,3604,Groceries,117.72571428571428
P0014,2022-02-07,3495,Furniture,122.83685714285714
P0014,2022-02-14,3671,Groceries,123.38799999999999
P0014,2022-02-21,3522,Groceries,121.74657142857143
P0014,2022-02-28,3643,Groceries,124.38114285714286
P0014,2022-03-07,3535,Furniture,118.05971428571429
P0014,2022-03-14,3939,Furniture,123.83999999999999
P0014,2022-03-21,3535,Groceries,122.97142857142858
P0014,2022-03-28,3745,Groceries,119.60199999999999
P0014,2022-04-04,3639,Groceries,117.89514285714286
P0014,2022-04-11,3765,Groceries,123.18971428571429
P0014,2022-04-18,3094,Furniture,114.64142857142856
P0014,2022-04-25,1831,Groceries,104.292
P0014,2022-05-02,2286,Groceries,107.46542857142857
P0014,2022-05-09,2004,Groceries,103.228
P0014,2022-05-16,2116,Groceries,104.472
P0014,2022-05-23,3030,Furniture,115.94628571428571
P0014,2022-05-30,4067,Groceries,129.89257142857142
P0014,2022-06-06,3563,Furniture,118.17714285714285
P0014,2022-06-13,3887,Groceries,118.0282857142857
P0014,2022-06-20,3990,Groceries,124.84514285714286
P0014,2022-06-27,2697,Groceries,112.17685714285714
P0014,2022-07-04,2422,Furniture,107.38057142857143
P0014,2022-07-11,2116,Furniture,106.58228571428572
P0014,2022-07-18,2135,Furniture,104.81742857142858
P0014,2022-07-25,3713,Groceries,127.61514285714286
P0014,2022-08-01,4216,Groceries,124.17971428571428
P0014,2022-08-08,4074,Groceries,124.58571428571429
P0014,2022-08-15,4293,Furniture,124.26857142857142
P0014,2022-08-22,3823,Groceries,126.43742857142858
P0014,2022-08-29,3739,Furniture,126.79114285714284
P0014,2022-09-05,3607,Groceries,120.41942857142858
P0014,2022-09-12,3621,Furniture,122.63485714285714
P0014,2022-09-19,3689,Furniture,127.85457142857142
P0014,2022-09-26,3691,Groceries,120.986
P0014,2022-10-03,3650,Groceries,121.90257142857143
P0014,2022-10-10,3579,Furniture,122.62085714285716
P0014,2022-10-17,2432,Groceries,109.42371428571428
P0014,2022-10-24,3144,Furniture,116.25771428571429
P0014,2022-10-31,3538,Furniture,122.16914285714286
P0014,2022-11-07,3841,Furniture,123.47714285714285
P0014,2022-11-14,5341,Groceries,139.35771428571428
P0014,2022-11-21,3771,Groceries,123.7482857142857
P0014,2022-11-28,2194,Groceries,112.946
P0014,2022-12-05,3356,Groceries,111.9962857142857
P0014,2022-12-12,3544,Furniture,122.344
P0014,2022-12-19,3139,Groceries,115.90828571428571
P0014,2022-12-26,3593,Groceries,125.60142857142857
P0014,2023-01-02,3237,Furniture,118.74685714285715
P0014,2023-01-09,4029,Groceries,124.87799999999999
P0014,2023-01-16,3686,Furniture,123.5837142857143
P0014,2023-01-23,3269,Groceries,118.93857142857144
P0014,2023-01-30,2076,Groceries,105.83457142857144
P0014,2023-02-06,1962,Groceries,105.60285714285715
P0014,2023-02-13,2326,Groceries,105.53371428571428
P0014,2023-02-20,2140,Furniture,104.90828571428571
P0014,2023-02-27,4038,Furniture,116.13342857142857
P0014,2023-03-06,3519,Furniture,124.16685714285715
P0014,2023-03-13,3733,Groceries,123.16457142857143
P0014,2023-03-20,3587,Groceries,127.19771428571428
P0014,2023-03-27,3526,Groceries,122.71571428571428
P0014,2023-04-03,3584,Furniture,125.85714285714286
P0014,2023-04-10,2485,Furniture,105.74142857142857
P0014,2023-04-17,2186,Groceries,100.64
P0014,2023-04-24,1812,Groceries,105.49885714285715
P0014,2023-05-01,1935,Groceries,102.11800000000001
P0014,2023-05-08,2419,Furniture,111.29514285714285
P0014,2023-05-15,4086,Furniture,121.57342857142856
P0014,2023-05-22,3654,Groceries,123.91714285714286
P0014,2023-05-29,4024,Groceries,122.36028571428571
P0014,2023-06-05,4213,Groceries,125.24828571428573
P0014,2023-06-12,3932,Furniture,126.05342857142857
P0014,2023-06-19,4191,Furniture,122.37114285714286
P0014,2023-06-26,3432,Furniture,125.88542857142856
P0014,2023-07-03,3842,Furniture,119.91142857142856
P0014,2023-07-10,3774,Furniture,122.72485714285715
P0014,2023-07-17,3877,Groceries,120.43342857142858
P0014,2023-07-24,4056,Groceries,127.85714285714286
P0014,2023-07-31,4004,Groceries,122.91142857142856
P0014,2023-08-07,4278,Groceries,127.7222857142857
P0014,2023-08-14,4178,Groceries,126.32085714285715
P0014,2023-08-21,3704,Groceries,125.60485714285714
P0014,2023-08-28,3257,Groceries,118.83542857142857
P0014,2023-09-04,3274,Furniture,117.23857142857143
P0014,2023-09-11,3330,Furniture,117.47685714285713
P0014,2023-09-18,3501,Groceries,123.64285714285714
P0014,2023-09-25,3623,Groceries,120.35657142857141
P0014,2023-10-02,2954,Groceries,117.87400000000001
P0014,2023-10-09,2466,Groceries,100.01400000000001
P0014,2023-10-16,2120,Furniture,101.54371428571429
P0014,2023-10-23,2911,Furniture,117.94685714285716
P0014,2023-10-30,3436,Furniture,116.03885714285714
P0014,2023-11-06,3926,Groceries,119.08942857142857
P0014,2023-11-13,3466,Groceries,120.90342857142856
P0014,2023-11-20,3001,Furniture,118.28457142857143
P0014,2023-11-27,3213,Furniture,121.23828571428572
P0014,2023-12-04,3389,Groceries,119.0
P0014,2023-12-11,3671,Groceries,116.65228571428571
P0014,2023-12-18,3922,Groceries,121.97285714285715
P0014,2023-12-25,2127,Groceries,109.84857142857142
P0014,2024-01-01,2143,Furniture,105.27114285714286
P0014,2024-01-08,3130,Furniture,119.63342857142857
P0014,2024-01-15,3969,Groceries,119.2662857142857
P0014,2024-01-22,3423,Furniture,120.64428571428572
P0014,2024-01-29,939,Furniture,127.46300000000001
P0015,2021-12-27,1060,Groceries,61.056999999999995
P0015,2022-01-03,3492,Groceries,65.61028571428572
P0015,2022-01-10,4214,Groceries,63.913714285714285
P0015,2022-01-17,4523,Groceries,68.39057142857143
P0015,2022-01-24,3452,Groceries,64.29514285714285
P0015,2022-01-31,3902,Groceries,65.39542857142858
P0015,2022-02-07,3934,Groceries,64.50514285714286
P0015,2022-02-14,4364,Groceries,67.08971428571428
P0015,2022-02-21,3578,Groceries,63.93714285714286
P0015,2022-02-28,4089,Groceries,66.8757142857143
P0015,2022-03-07,4183,Groceries,63.84
P0015,2022-03-14,4164,Groceries,64.37742857142857
P0015,2022-03-21,3579,Groceries,64.03857142857143
P0015,2022-03-28,3443,Groceries,62.776857142857146
P0015,2022-04-04,3791,Groceries,63.94542857142858
P0015,2022-04-11,3962,Groceries,66.16628571428572
P0015,2022-04-18,3997,Groceries,65.54628571428572
P0015,2022-04-25,2390,Groceries,57.02885714285714
P0015,2022-05-02,2247,Groceries,57.925428571428576
P0015,2022-05-09,2125,Groceries,56.634
P0015,2022-05-16,2654,Groceries,57.284
P0015,2022-05-23,3534,Groceries,63.334285714285706
P0015,2022-05-30,3747,Groceries,66.27771428571428
P0015,2022-06-06,4549,Groceries,69.5997142857143
P0015,2022-06-13,3967,Groceries,66.0282857142857
P0015,2022-06-20,4538,Groceries,69.29371428571429
P0015,2022-06-27,3081,Groceries,61.093142857142865
P0015,2022-07-04,2288,Groceries,58.72142857142857
P0015,2022-07-11,2309,Groceries,58.159142857142854
P0015,2022-07-18,2635,Groceries,57.42942857142857
P0015,2022-07-25,3389,Groceries,64.53257142857143
P0015,2022-08-01,3740,Groceries,63.52857142857143
P0015,2022-08-08,3629,Groceries,65.40314285714287
P0015,2022-08-15,4420,Groceries,66.12285714285714
P0015,2022-08-22,4357,Groceries,68.31
P0015,2022-08-29,3741,Groceries,66.09085714285713
P0015,2022-09-05,4015,Groceries,63.22371428571429
P0015,2022-09-12,3159,Groceries,62.44199999999999
P0015,2022-09-19,4093,Furniture,66.994
P0015,2022-09-26,3213,Groceries,63.63742857142857
P0015,2022-10-03,3837,Groceries,65.16742857142857
P0015,2022-10-10,3760,Groceries,64.94857142857143
P0015,2022-10-17,3456,Groceries,64.88428571428571
P0015,2022-10-24,3551,Groceries,62.06142857142857
P0015,2022-10-31,3322,Groceries,64.26342857142858
P0015,2022-11-07,3398,Groceries,62.16342857142857
P0015,2022-11-14,3730,Groceries,63.35285714285714
P0015,2022-11-21,3972,Groceries,62.89828571428571
P0015,2022-11-28,3831,Groceries,65.49799999999999
P0015,2022-12-05,3839,Groceries,65.23228571428572
P0015,2022-12-12,3661,Groceries,63.76114285714285
P0015,2022-12-19,3892,Groceries,65.73228571428572
P0015,2022-12-26,4217,Groceries,68.838
P0015,2023-01-02,3831,Groceries,66.79314285714287
P0015,2023-01-09,4124,Groceries,64.45914285714287
P0015,2023-01-16,4188,Groceries,63.34028571428571
P0015,2023-01-23,3496,Groceries,63.89028571428571
P0015,2023-01-30,2323,Groceries,57.61628571428571
P0015,2023-02-06,2450,Groceries,58.858285714285714
P0015,2023-02-13,2614,Groceries,58.15285714285714
P0015,2023-02-20,2440,Groceries,58.59457142857143
P0015,2023-02-27,3760,Groceries,61.71628571428572
P0015,2023-03-06,3773,Groceries,64.62485714285714
P0015,2023-03-13,3908,Groceries,63.84971428571428
P0015,2023-03-20,3910,Groceries,65.30685714285715
P0015,2023-03-27,3878,Groceries,64.87685714285715
P0015,2023-04-03,2880,Groceries,60.390857142857136
P0015,2023-04-10,2394,Groceries,56.547428571428576
P0015,2023-04-17,2339,Groceries,55.36914285714286
P0015,2023-04-24,2038,Groceries,57.966857142857144
P0015,2023-05-01,2447,Groceries,56.80542857142857
P0015,2023-05-08,3052,Groceries,60.05228571428571
P0015,2023-05-15,3640,Groceries,64.69628571428571
P0015,2023-05-22,3692,Groceries,63.573142857142855
P0015,2023-05-29,3798,Groceries,67.02257142857142
P0015,2023-06-05,4152,Groceries,67.39914285714285
P0015,2023-06-12,4627,Groceries,70.69771428571428
P0015,2023-06-19,3905,Groceries,65.67514285714286
P0015,2023-06-26,4135,Groceries,65.60457142857142
P0015,2023-07-03,4772,Groceries,69.946
P0015,2023-07-10,4222,Groceries,66.87971428571429
P0015,2023-07-17,3711,Groceries,66.52257142857142
P0015,2023-07-24,4488,Groceries,70.38742857142857
P0015,2023-07-31,4741,Groceries,70.424
P0015,2023-08-07,4100,Groceries,67.48628571428571
P0015,2023-08-14,4463,Groceries,66.89771428571429
P0015,2023-08-21,3764,Groceries,65.26685714285715
P0015,2023-08-28,3972,Groceries,66.07942857142856
P0015,2023-09-04,3914,Groceries,66.32771428571428
P0015,2023-09-11,3339,Groceries,62.91771428571428
P0015,2023-09-18,3636,Groceries,62.495714285714286
P0015,2023-09-25,3960,Groceries,65.21914285714286
P0015,2023-10-02,3182,Groceries,60.39428571428572
P0015,2023-10-09,3335,Groceries,63.35285714285714
P0015,2023-10-16,2415,Groceries,59.95942857142857
P0015,2023-10-23,3077,Groceries,58.132571428571424
P0015,2023-10-30,3580,Groceries,66.14857142857143
P0015,2023-11-06,3400,Groceries,63.425714285714285
P0015,2023-11-13,3484,Groceries,66.65628571428572
P0015,2023-11-20,3942,Furniture,61.45885714285714
P0015,2023-11-27,3994,Groceries,64.33485714285713
P0015,2023-12-04,3023,Groceries,62.68028571428571
P0015,2023-12-11,3167,Groceries,58.89485714285715
P0015,2023-12-18,3639,Groceries,67.11914285714286
P0015,2023-12-25,3186,Groceries,62.37914285714286
P0015,2024-01-01,2484,Groceries,56.925714285714285
P0015,2024-01-08,3660,Groceries,62.86228571428571
P0015,2024-01-15,3849,Groceries,66.67371428571428
P0015,2024-01-22,4267,Groceries,65.79199999999999
P0015,2024-01-29,895,Groceries,62.415
P0016,2021-12-27,1105,Electronics,81.55799999999999
P0016,2022-01-03,4211,Electronics,72.83685714285714
P0016,2022-01-10,4034,Electronics,75.54028571428572
P0016,2022-01-17,3554,Electronics,71.96342857142857
P0016,2022-01-24,3846,Electronics,75.65771428571429
P0016,2022-01-31,4327,Electronics,75.89742857142856
P0016,2022-02-07,3849,Electronics,76.29857142857142
P0016,2022-02-14,3974,Electronics,74.90857142857143
P0016,2022-02-21,4231,Electronics,75.84142857142857
P0016,2022-02-28,3531,Electronics,74.62457142857143
P0016,2022-03-07,3905,Electronics,74.884
P0016,2022-03-14,3678,Electronics,72.92857142857143
P0016,2022-03-21,3869,Electronics,73.77342857142858
P0016,2022-03-28,4074,Electronics,74.97314285714286
P0016,2022-04-04,3474,Electronics,74.33
P0016,2022-04-11,4174,Electronics,74.45485714285715
P0016,2022-04-18,3238,Electronics,69.43285714285715
P0016,2022-04-25,1653,Electronics,59.66628571428572
P0016,2022-05-02,2267,Electronics,63.335428571428565
P0016,2022-05-09,2120,Electronics,67.17228571428572
P0016,2022-05-16,2231,Electronics,62.56285714285714
P0016,2022-05-23,3350,Electronics,70.76228571428571
P0016,2022-05-30,3661,Electronics,75.89257142857143
P0016,2022-06-06,3996,Electronics,75.22371428571428
P0016,2022-06-13,3880,Electronics,75.64
P0016,2022-06-20,4427,Electronics,72.12028571428571
P0016,2022-06-27,2743,Electronics,66.60942857142857
P0016,2022-07-04,2459,Electronics,65.93628571428572
P0016,2022-07-11,2071,Electronics,63.22171428571429
P0016,2022-07-18,2312,Electronics,65.92542857142857
P0016,2022-07-25,3811,Electronics,77.07057142857143
P0016,2022-08-01,4672,Electronics,78.79371428571427
P0016,2022-08-08,4660,Electronics,78.3742857142857
P0016,2022-08-15,3836,Electronics,72.11714285714285
P0016,2022-08-22,4099,Electronics,74.78057142857143
P0016,2022-08-29,3910,Electronics,77.08914285714286
P0016,2022-09-05,3584,Electronics,74.91685714285715
P0016,2022-09-12,3196,Electronics,71.51171428571428
P0016,2022-09-19,2763,Electronics,66.68542857142857
P0016,2022-09-26,3658,Electronics,74.11200000000001
P0016,2022-10-03,3742,Electronics,72.222
P0016,2022-10-10,3459,Electronics,77.556
P0016,2022-10-17,3500,Electronics,73.07057142857144
P0016,2022-10-24,4003,Electronics,74.016
P0016,2022-10-31,4767,Electronics,83.31914285714286
P0016,2022-11-07,3896,Electronics,72.56828571428571
P0016,2022-11-14,3948,Electronics,73.74171428571428
P0016,2022-11-21,3421,Electronics,74.18
P0016,2022-11-28,3325,Electronics,73.84771428571429
P0016,2022-12-05,3934,Electronics,75.40657142857143
P0016,2022-12-12,3735,Electronics,76.12085714285715
P0016,2022-12-19,4140,Electronics,76.69800000000001
P0016,2022-12-26,3984,Electronics,75.77228571428572
P0016,2023-01-02,3895,Electronics,73.67542857142857
P0016,2023-01-09,3715,Electronics,74.60971428571429
P0016,2023-01-16,4535,Electronics,79.66228571428572
P0016,2023-01-23,3506,Electronics,73.76685714285715
P0016,2023-01-30,2154,Electronics,65.76542857142857
P0016,2023-02-06,2532,Electronics,62.71542857142857
P0016,2023-02-13,2416,Electronics,64.17085714285714
P0016,2023-02-20,2191,Electronics,65.698
P0016,2023-02-27,4122,Electronics,74.87400000000001
P0016,2023-03-06,3869,Electronics,75.43114285714286
P0016,2023-03-13,3370,Electronics,73.71142857142857
P0016,2023-03-20,4220,Electronics,75.02114285714286
P0016,2023-03-27,3427,Electronics,74.87685714285715
P0016,2023-04-03,3690,Electronics,75.26514285714285
P0016,2023-04-10,2842,Electronics,67.62457142857143
P0016,2023-04-17,2577,Electronics,64.09885714285714
P0016,2023-04-24,1935,Electronics,65.27028571428572
P0016,2023-05-01,2164,Electronics,64.12542857142857
P0016,2023-05-08,2773,Electronics,68.108
P0016,2023-05-15,4209,Electronics,76.14771428571429
P0016,2023-05-22,3546,Electronics,71.97942857142857
P0016,2023-05-29,3389,Electronics,75.28971428571428
P0016,2023-06-05,4341,Electronics,77.74685714285714
P0016,2023-06-12,4087,Electronics,75.03828571428572
P0016,2023-06-19,4315,Electronics,73.634
P0016,2023-06-26,4016,Electronics,77.25142857142858
P0016,2023-07-03,2581,Electronics,67.73142857142857
P0016,2023-07-10,3318,Electronics,69.816
P0016,2023-07-17,3965,Electronics,74.81171428571429
P0016,2023-07-24,3885,Electronics,78.31457142857143
P0016,2023-07-31,4894,Electronics,73.78771428571429
P0016,2023-08-07,3578,Electronics,76.42857142857143
P0016,2023-08-14,4017,Electronics,75.54914285714285
P0016,2023-08-21,3579,Electronics,72.10685714285715
P0016,2023-08-28,3279,Electronics,73.69914285714285
P0016,2023-09-04,3735,Electronics,72.03
P0016,2023-09-11,3906,Electronics,75.09114285714286
P0016,2023-09-18,3777,Electronics,75.46114285714286
P0016,2023-09-25,3542,Electronics,73.67942857142857
P0016,2023-10-02,3539,Electronics,68.87114285714286
P0016,2023-10-09,2371,Electronics,65.13199999999999
P0016,2023-10-16,1866,Electronics,64.13857142857142
P0016,2023-10-23,3344,Electronics,71.92542857142857
P0016,2023-10-30,3969,Electronics,75.128
P0016,2023-11-06,3451,Electronics,73.17857142857143
P0016,2023-11-13,3564,Electronics,73.77685714285714
P0016,2023-11-20,3780,Electronics,75.42142857142858
P0016,2023-11-27,3911,Electronics,76.42971428571428
P0016,2023-12-04,3952,Electronics,73.80914285714285
P0016,2023-12-11,3558,Electronics,76.25114285714285
P0016,2023-12-18,3925,Electronics,74.22857142857143
P0016,2023-12-25,2680,Electronics,69.152
P0016,2024-01-01,2270,Electronics,65.24485714285714
P0016,2024-01-08,3936,Electronics,71.39571428571428
P0016,2024-01-15,4086,Electronics,74.95371428571428
P0016,2024-01-22,3540,Electronics,74.122
P0016,2024-01-29,953,Electronics,75.193
P0017,2021-12-27,769,Furniture,56.29
P0017,2022-01-03,3601,Furniture,60.35885714285714
P0017,2022-01-10,3678,Furniture,55.97571428571429
P0017,2022-01-17,4054,Furniture,60.846000000000004
P0017,2022-01-24,3389,Furniture,61.12771428571428
P0017,2022-01-31,3985,Furniture,61.883714285714284
P0017,2022-02-07,3411,Furniture,56.212857142857146
P0017,2022-02-14,3938,Furniture,59.13542857142856
P0017,2022-02-21,3344,Furniture,59.01
P0017,2022-02-28,3428,Furniture,57.641714285714286
P0017,2022-03-07,4125,Furniture,59.67028571428572
P0017,2022-03-14,4065,Furniture,57.81771428571428
P0017,2022-03-21,4395,Furniture,57.290285714285716
P0017,2022-03-28,3743,Furniture,59.60657142857143
P0017,2022-04-04,3962,Furniture,60.20057142857143
P0017,2022-04-11,4101,Furniture,60.017428571428574
P0017,2022-04-18,3424,Furniture,54.69914285714286
P0017,2022-04-25,1926,Furniture,52.74514285714285
P0017,2022-05-02,2041,Furniture,53.228857142857144
P0017,2022-05-09,1695,Furniture,49.60285714285714
P0017,2022-05-16,1849,Furniture,48.55228571428571
P0017,2022-05-23,3016,Furniture,56.608285714285714
P0017,2022-05-30,3201,Furniture,57.93514285714286
P0017,2022-06-06,3244,Furniture,57.90571428571429
P0017,2022-06-13,3628,Furniture,57.108
P0017,2022-06-20,3451,Furniture,54.69714285714286
P0017,2022-06-27,1899,Furniture,52.184285714285714
P0017,2022-07-04,1920,Furniture,51.87428571428572
P0017,2022-07-11,1821,Furniture,49.764
P0017,2022-07-18,1664,Furniture,52.335142857142856
P0017,2022-07-25,3537,Furniture,57.27285714285714
P0017,2022-08-01,3538,Furniture,56.802571428571426
P0017,2022-08-08,3372,Furniture,58.27857142857143
P0017,2022-08-15,3469,Furniture,55.06285714285715
P0017,2022-08-22,3548,Furniture,57.49771428571429
P0017,2022-08-29,3404,Furniture,58.93257142857143
P0017,2022-09-05,3370,Furniture,56.378
P0017,2022-09-12,3693,Furniture,57.665142857142854
P0017,2022-09-19,3685,Furniture,55.169714285714285
P0017,2022-09-26,3353,Furniture,57.73228571428571
P0017,2022-10-03,3208,Furniture,56.48028571428571
P0017,2022-10-10,3604,Furniture,58.29
P0017,2022-10-17,3515,Furniture,58.14771428571429
P0017,2022-10-24,3774,Furniture,57.529714285714284
P0017,2022-10-31,3193,Furniture,57.88971428571429
P0017,2022-11-07,3805,Furniture,57.22457142857142
P0017,2022-11-14,3510,Furniture,57.205714285714286
P0017,2022-11-21,3374,Furniture,56.04714285714286
P0017,2022-11-28,3389,Furniture,57.728
P0017,2022-12-05,3741,Furniture,58.48742857142857
P0017,2022-12-12,3063,Furniture,58.349714285714285
P0017,2022-12-19,3638,Furniture,55.249428571428574
P0017,2022-12-26,3960,Furniture,61.40800000000001
P0017,2023-01-02,3804,Furniture,58.25085714285714
P0017,2023-01-09,3573,Furniture,55.65142857142857
P0017,2023-01-16,3300,Furniture,59.981428571428566
P0017,2023-01-23,3458,Furniture,58.086285714285715
P0017,2023-01-30,1738,Furniture,50.745714285714286
P0017,2023-02-06,2104,Furniture,53.60257142857142
P0017,2023-02-13,1688,Furniture,51.28885714285714
P0017,2023-02-20,1797,Furniture,52.30485714285714
P0017,2023-02-27,2313,Furniture,50.65
P0017,2023-03-06,3270,Furniture,59.239714285714285
P0017,2023-03-13,4069,Furniture,58.01714285714286
P0017,2023-03-20,4107,Furniture,56.999428571428574
P0017,2023-03-27,3469,Furniture,58.59885714285714
P0017,2023-04-03,4382,Furniture,59.44199999999999
P0017,2023-04-10,2371,Furniture,53.378571428571426
P0017,2023-04-17,1509,Furniture,50.60514285714286
P0017,2023-04-24,1745,Furniture,49.47085714285714
P0017,2023-05-01,1568,Furniture,49.994
P0017,2023-05-08,2346,Furniture,53.498285714285714
P0017,2023-05-15,4243,Furniture,60.42371428571428
P0017,2023-05-22,3953,Furniture,56.05057142857143
P0017,2023-05-29,3378,Furniture,57.29828571428572
P0017,2023-06-05,3312,Furniture,56.784
P0017,2023-06-12,3558,Furniture,56.028285714285715
P0017,2023-06-19,3439,Furniture,57.946285714285715
P0017,2023-06-26,3677,Furniture,57.02057142857143
P0017,2023-07-03,4022,Furniture,60.83914285714285
P0017,2023-07-10,4217,Furniture,60.68457142857143
P0017,2023-07-17,3595,Furniture,57.65571428571429
P0017,2023-07-24,3492,Furniture,57.012
P0017,2023-07-31,3770,Furniture,57.907714285714285
P0017,2023-08-07,3299,Furniture,56.72571428571429
P0017,2023-08-14,3296,Furniture,56.528
P0017,2023-08-21,3532,Furniture,58.068285714285715
P0017,2023-08-28,3311,Furniture,59.73685714285714
P0017,2023-09-04,3614,Furniture,58.919714285714285
P0017,2023-09-11,3456,Furniture,57.876000000000005
P0017,2023-09-18,3588,Furniture,56.49914285714286
P0017,2023-09-25,3399,Furniture,56.338
P0017,2023-10-02,2673,Furniture,55.54114285714286
P0017,2023-10-09,1585,Furniture,50.40371428571429
P0017,2023-10-16,1584,Furniture,48.51714285714286
P0017,2023-10-23,3133,Furniture,55.663428571428575
P0017,2023-10-30,3305,Furniture,57.53885714285715
P0017,2023-11-06,3493,Furniture,58.116571428571426
P0017,2023-11-13,3188,Furniture,56.84285714285714
P0017,2023-11-20,3879,Furniture,59.005714285714284
P0017,2023-11-27,3240,Furniture,59.00285714285714
P0017,2023-12-04,3089,Furniture,56.26971428571429
P0017,2023-12-11,3776,Furniture,56.59542857142857
P0017,2023-12-18,3765,Furniture,58.50828571428571
P0017,2023-12-25,2357,Furniture,55.38285714285715
P0017,2024-01-01,1435,Furniture,50.78285714285715
P0017,2024-01-08,3083,Furniture,56.61628571428571
P0017,2024-01-15,3902,Furniture,60.138571428571424
P0017,2024-01-22,3805,Furniture,58.37457142857143
P0017,2024-01-29,1056,Furniture,65.227
P0018,2021-12-27,999,Furniture,79.889
P0018,2022-01-03,3891,Furniture,78.93971428571429
P0018,2022-01-10,3781,Furniture,78.52942857142858
P0018,2022-01-17,3663,Furniture,75.90228571428571
P0018,2022-01-24,3940,Furniture,79.59085714285713
P0018,2022-01-31,4078,Furniture,79.48914285714285
P0018,2022-02-07,3682,Furniture,81.05028571428572
P0018,2022-02-14,4082,Furniture,81.42857142857143
P0018,2022-02-21,3840,Furniture,79.20628571428573
P0018,2022-02-28,3773,Furniture,79.96628571428572
P0018,2022-03-07,3391,Furniture,77.63857142857142
P0018,2022-03-14,3656,Furniture,81.77714285714285
P0018,2022-03-21,4103,Furniture,82.06742857142858
P0018,2022-03-28,3326,Furniture,79.77971428571429
P0018,2022-04-04,3254,Furniture,77.42314285714285
P0018,2022-04-11,3586,Furniture,81.69885714285715
P0018,2022-04-18,3210,Furniture,75.11514285714286
P0018,2022-04-25,2454,Furniture,66.95571428571428
P0018,2022-05-02,2703,Furniture,68.15457142857143
P0018,2022-05-09,2709,Furniture,68.45342857142857
P0018,2022-05-16,2373,Furniture,68.03514285714286
P0018,2022-05-23,3529,Furniture,72.47742857142858
P0018,2022-05-30,3430,Furniture,79.71
P0018,2022-06-06,3876,Furniture,79.79742857142857
P0018,2022-06-13,3837,Furniture,80.20800000000001
P0018,2022-06-20,4387,Furniture,80.30514285714285
P0018,2022-06-27,2710,Furniture,71.99742857142857
P0018,2022-07-04,2765,Furniture,70.15342857142856
P0018,2022-07-11,3369,Furniture,69.06028571428571
P0018,2022-07-18,2450,Furniture,66.96
P0018,2022-07-25,3771,Furniture,83.32542857142857
P0018,2022-08-01,3687,Furniture,80.26542857142857
P0018,2022-08-08,3651,Furniture,78.83685714285714
P0018,2022-08-15,3600,Furniture,73.92857142857143
P0018,2022-08-22,3411,Furniture,81.42114285714285
P0018,2022-08-29,3944,Furniture,79.48714285714286
P0018,2022-09-05,3919,Furniture,80.52428571428571
P0018,2022-09-12,3360,Furniture,81.22314285714286
P0018,2022-09-19,3592,Furniture,82.19771428571428
P0018,2022-09-26,3266,Furniture,77.47428571428571
P0018,2022-10-03,3698,Furniture,81.702
P0018,2022-10-10,3427,Furniture,77.60685714285715
P0018,2022-10-17,3663,Furniture,74.23485714285714
P0018,2022-10-24,3356,Furniture,78.39514285714286
P0018,2022-10-31,3374,Furniture,76.39257142857143
P0018,2022-11-07,3308,Furniture,79.606
P0018,2022-11-14,4033,Furniture,78.27571428571429
P0018,2022-11-21,3795,Furniture,79.33914285714286
P0018,2022-11-28,3590,Furniture,77.662
P0018,2022-12-05,3976,Furniture,75.48028571428571
P0018,2022-12-12,3859,Furniture,80.82685714285715
P0018,2022-12-19,3293,Furniture,79.91371428571429
P0018,2022-12-26,3668,Furniture,77.60828571428571
P0018,2023-01-02,3921,Furniture,78.794
P0018,2023-01-09,4326,Furniture,77.82542857142857
P0018,2023-01-16,4011,Furniture,80.36314285714286
P0018,2023-01-23,3482,Furniture,77.344
P0018,2023-01-30,3162,Furniture,70.45142857142858
P0018,2023-02-06,2108,Furniture,64.20685714285713
P0018,2023-02-13,2545,Furniture,66.87171428571429
P0018,2023-02-20,2823,Furniture,71.1782857142857
P0018,2023-02-27,3231,Furniture,75.10314285714286
P0018,2023-03-06,3568,Furniture,80.73285714285714
P0018,2023-03-13,3617,Furniture,77.92714285714285
P0018,2023-03-20,3831,Furniture,81.24714285714286
P0018,2023-03-27,3222,Furniture,76.92114285714285
P0018,2023-04-03,2953,Furniture,76.49171428571428
P0018,2023-04-10,3028,Furniture,71.45971428571428
P0018,2023-04-17,2672,Furniture,69.19885714285715
P0018,2023-04-24,2645,Furniture,67.00542857142857
P0018,2023-05-01,2625,Furniture,68.41657142857143
P0018,2023-05-08,3169,Furniture,71.81714285714285
P0018,2023-05-15,3736,Furniture,76.90885714285714
P0018,2023-05-22,3589,Furniture,78.81628571428571
P0018,2023-05-29,3623,Furniture,79.00714285714285
P0018,2023-06-05,3873,Furniture,75.71771428571428
P0018,2023-06-12,3524,Furniture,78.90657142857143
P0018,2023-06-19,3432,Furniture,77.56028571428571
P0018,2023-06-26,3781,Furniture,82.1317142857143
P0018,2023-07-03,3554,Furniture,78.96828571428571
P0018,2023-07-10,3534,Furniture,77.332
P0018,2023-07-17,3957,Furniture,81.28942857142857
P0018,2023-07-24,3718,Furniture,80.41085714285714
P0018,2023-07-31,4224,Furniture,76.19342857142857
P0018,2023-08-07,3756,Furniture,83.81714285714285
P0018,2023-08-14,3968,Furniture,81.73485714285714
P0018,2023-08-21,4318,Furniture,79.73057142857144
P0018,2023-08-28,3417,Furniture,81.36314285714286
P0018,2023-09-04,3646,Furniture,74.316
P0018,2023-09-11,3247,Furniture,75.27114285714285
P0018,2023-09-18,3534,Furniture,78.90885714285714
P0018,2023-09-25,3244,Furniture,80.562
P0018,2023-10-02,3663,Furniture,72.85771428571428
P0018,2023-10-09,3283,Furniture,70.966
P0018,2023-10-16,3065,Furniture,71.59942857142858
P0018,2023-10-23,3076,Furniture,75.722
P0018,2023-10-30,3000,Furniture,72.33285714285715
P0018,2023-11-06,3744,Furniture,77.11714285714285
P0018,2023-11-13,3375,Furniture,79.15114285714286
P0018,2023-11-20,3678,Furniture,81.19257142857143
P0018,2023-11-27,3331,Furniture,79.07228571428571
P0018,2023-12-04,3673,Furniture,79.10342857142857
P0018,2023-12-11,3434,Furniture,75.40171428571428
P0018,2023-12-18,3810,Furniture,80.38314285714286
P0018,2023-12-25,3012,Furniture,73.604
P0018,2024-01-01,3016,Furniture,66.89371428571428
P0018,2024-01-08,2777,Furniture,73.68685714285714
P0018,2024-01-15,3319,Furniture,76.646
P0018,2024-01-22,4238,Furniture,78.62057142857142
P0018,2024-01-29,1009,Furniture,81.733
P0019,2021-12-27,904,Groceries,84.46000000000001
P0019,2022-01-03,3574,Groceries,88.04571428571428
P0019,2022-01-10,3569,Groceries,89.28428571428572
P0019,2022-01-17,3924,Groceries,87.30142857142856
P0019,2022-01-24,3978,Groceries,90.36771428571429
P0019,2022-01-31,3971,Groceries,91.198
P0019,2022-02-07,3737,Groceries,86.53971428571428
P0019,2022-02-14,3834,Groceries,90.33942857142857
P0019,2022-02-21,3618,Groceries,89.234
P0019,2022-02-28,3594,Groceries,90.39714285714285
P0019,2022-03-07,3669,Groceries,84.33857142857143
P0019,2022-03-14,3095,Groceries,82.96028571428572
P0019,2022-03-21,3893,Groceries,89.96457142857143
P0019,2022-03-28,2940,Groceries,87.62171428571428
P0019,2022-04-04,3423,Groceries,85.57714285714285
P0019,2022-04-11,3437,Groceries,85.74228571428571
P0019,2022-04-18,3518,Groceries,85.32057142857144
P0019,2022-04-25,2560,Groceries,80.71142857142857
P0019,2022-05-02,2626,Groceries,79.96228571428571
P0019,2022-05-09,2588,Groceries,78.19285714285714
P0019,2022-05-16,2660,Groceries,76.19285714285714
P0019,2022-05-23,2986,Groceries,85.99914285714286
P0019,2022-05-30,3646,Groceries,91.67257142857143
P0019,2022-06-06,3282,Groceries,88.65742857142858
P0019,2022-06-13,3723,Groceries,87.42428571428572
P0019,2022-06-20,3462,Groceries,86.5157142857143
P0019,2022-06-27,3170,Groceries,79.93342857142858
P0019,2022-07-04,2545,Groceries,80.06771428571429
P0019,2022-07-11,3189,Groceries,78.65628571428572
P0019,2022-07-18,2593,Groceries,78.34828571428572
P0019,2022-07-25,3373,Groceries,89.38085714285714
P0019,2022-08-01,4107,Groceries,91.66485714285714
P0019,2022-08-08,3678,Groceries,84.53314285714285
P0019,2022-08-15,3449,Groceries,87.94342857142857
P0019,2022-08-22,3691,Groceries,89.18314285714285
P0019,2022-08-29,3114,Groceries,86.21771428571428
P0019,2022-09-05,3299,Groceries,87.06114285714285
P0019,2022-09-12,3555,Groceries,88.4962857142857
P0019,2022-09-19,3581,Groceries,87.31342857142856
P0019,2022-09-26,3136,Groceries,84.24057142857143
P0019,2022-10-03,3295,Groceries,83.37028571428571
P0019,2022-10-10,4618,Groceries,96.912
P0019,2022-10-17,3810,Groceries,91.09285714285714
P0019,2022-10-24,2972,Groceries,86.78914285714285
P0019,2022-10-31,3228,Groceries,86.082
P0019,2022-11-07,3267,Groceries,85.5
P0019,2022-11-14,3174,Groceries,84.18314285714285
P0019,2022-11-21,3426,Groceries,87.04257142857142
P0019,2022-11-28,3540,Groceries,90.12028571428571
P0019,2022-12-05,3636,Groceries,90.20314285714286
P0019,2022-12-12,3884,Groceries,90.804
P0019,2022-12-19,3648,Groceries,88.47771428571428
P0019,2022-12-26,3720,Groceries,90.87028571428571
P0019,2023-01-02,3794,Groceries,87.91371428571429
P0019,2023-01-09,3662,Groceries,90.15314285714287
P0019,2023-01-16,4143,Groceries,90.75828571428572
P0019,2023-01-23,3959,Groceries,88.89028571428571
P0019,2023-01-30,2911,Groceries,80.53514285714286
P0019,2023-02-06,2721,Groceries,79.30571428571427
P0019,2023-02-13,2836,Groceries,79.25428571428571
P0019,2023-02-20,2898,Groceries,82.08771428571428
P0019,2023-02-27,3661,Groceries,86.53971428571428
P0019,2023-03-06,3354,Groceries,88.988
P0019,2023-03-13,3383,Groceries,89.348
P0019,2023-03-20,3449,Groceries,88.16371428571429
P0019,2023-03-27,3661,Groceries,87.30057142857143
P0019,2023-04-03,3666,Groceries,89.72942857142857
P0019,2023-04-10,3076,Groceries,82.95114285714286
P0019,2023-04-17,2368,Groceries,79.10257142857144
P0019,2023-04-24,2725,Groceries,77.85885714285715
P0019,2023-05-01,2547,Groceries,79.33571428571429
P0019,2023-05-08,2695,Groceries,79.97714285714285
P0019,2023-05-15,3897,Groceries,88.72857142857143
P0019,2023-05-22,3339,Groceries,87.98628571428571
P0019,2023-05-29,3391,Groceries,89.88342857142857
P0019,2023-06-05,3871,Groceries,90.00314285714286
P0019,2023-06-12,3313,Groceries,85.94742857142857
P0019,2023-06-19,3838,Groceries,88.60714285714286
P0019,2023-06-26,3722,Groceries,89.03714285714287
P0019,2023-07-03,3552,Groceries,89.33685714285714
P0019,2023-07-10,4547,Groceries,95.86114285714285
P0019,2023-07-17,4323,Groceries,92.39228571428572
P0019,2023-07-24,4672,Groceries,99.91657142857143
P0019,2023-07-31,3649,Groceries,92.01828571428571
P0019,2023-08-07,3352,Groceries,83.00942857142857
P0019,2023-08-14,3365,Groceries,84.40457142857143
P0019,2023-08-21,3692,Groceries,87.48914285714285
P0019,2023-08-28,3299,Groceries,87.51314285714285
P0019,2023-09-04,3391,Groceries,86.94257142857143
P0019,2023-09-11,3520,Groceries,91.68885714285713
P0019,2023-09-18,3668,Groceries,86.6782857142857
P0019,2023-09-25,3132,Groceries,86.77971428571429
P0019,2023-10-02,3381,Groceries,87.4962857142857
P0019,2023-10-09,2644,Groceries,78.06428571428572
P0019,2023-10-16,2657,Groceries,79.48457142857143
P0019,2023-10-23,3063,Groceries,85.48171428571429
P0019,2023-10-30,3570,Groceries,86.52685714285714
P0019,2023-11-06,3223,Groceries,86.83714285714287
P0019,2023-11-13,3390,Groceries,88.09028571428571
P0019,2023-11-20,3658,Groceries,88.65857142857142
P0019,2023-11-27,3714,Groceries,88.65942857142856
P0019,2023-12-04,3787,Groceries,94.09885714285714
P0019,2023-12-11,3691,Groceries,88.27085714285714
P0019,2023-12-18,3401,Groceries,86.61285714285714
P0019,2023-12-25,3291,Groceries,86.68885714285715
P0019,2024-01-01,2661,Groceries,80.524
P0019,2024-01-08,3450,Groceries,85.93542857142856
P0019,2024-01-15,3410,Groceries,89.34628571428571
P0019,2024-01-22,4004,Groceries,88.13885714285715
P0019,2024-01-29,1008,Groceries,91.704
P0020,2021-12-27,712,Clothing,91.50699999999999
P0020,2022-01-03,4676,Clothing,101.86885714285714
P0020,2022-01-10,3883,Clothing,97.06114285714285
P0020,2022-01-17,2972,Clothing,93.1502857142857
P0020,2022-01-24,3010,Clothing,93.556
P0020,2022-01-31,3524,Clothing,94.92571428571429
P0020,2022-02-07,3460,Clothing,94.89971428571428
P0020,2022-02-14,3825,Clothing,95.65714285714286
P0020,2022-02-21,3144,Clothing,95.84142857142857
P0020,2022-02-28,3466,Clothing,94.96685714285715
P0020,2022-03-07,3399,Clothing,93.20085714285713
P0020,2022-03-14,3384,Clothing,94.32028571428572
P0020,2022-03-21,3351,Toys,91.39514285714286
P0020,2022-03-28,3341,Clothing,94.52285714285715
P0020,2022-04-04,3415,Clothing,95.45942857142857
P0020,2022-04-11,3317,Clothing,95.40457142857143
P0020,2022-04-18,2915,Clothing,88.44028571428571
P0020,2022-04-25,1714,Clothing,82.38885714285715
P0020,2022-05-02,2011,Clothing,80.516
P0020,2022-05-09,1780,Clothing,81.21228571428571
P0020,2022-05-16,2068,Clothing,82.54571428571428
P0020,2022-05-23,2945,Clothing,89.65571428571428
P0020,2022-05-30,4668,Clothing,106.48857142857143
P0020,2022-06-06,3196,Clothing,91.90514285714285
P0020,2022-06-13,2993,Clothing,89.11999999999999
P0020,2022-06-20,3064,Clothing,91.29342857142858
P0020,2022-06-27,1982,Clothing,86.63028571428572
P0020,2022-07-04,1958,Clothing,84.96028571428572
P0020,2022-07-11,1670,Clothing,82.25314285714286
P0020,2022-07-18,1734,Clothing,78.4437142857143
P0020,2022-07-25,3181,Clothing,92.50714285714285
P0020,2022-08-01,3199,Clothing,91.16971428571429
P0020,2022-08-08,2974,Clothing,94.08857142857143
P0020,2022-08-15,3254,Clothing,90.73514285714286
P0020,2022-08-22,3529,Clothing,92.37342857142856
P0020,2022-08-29,3150,Clothing,94.35371428571429
P0020,2022-09-05,3186,Clothing,93.29514285714285
P0020,2022-09-12,2920,Clothing,88.73914285714285
P0020,2022-09-19,3179,Clothing,93.096
P0020,2022-09-26,2873,Clothing,92.43514285714286
P0020,2022-10-03,3235,Clothing,90.37742857142857
P0020,2022-10-10,3241,Clothing,90.93342857142858
P0020,2022-10-17,3108,Clothing,93.73057142857144
P0020,2022-10-24,3296,Clothing,93.42542857142857
P0020,2022-10-31,3485,Clothing,92.598
P0020,2022-11-07,3404,Clothing,93.07971428571429
P0020,2022-11-14,2846,Clothing,91.96028571428572
P0020,2022-11-21,3119,Clothing,92.97171428571428
P0020,2022-11-28,3183,Clothing,92.32228571428573
P0020,2022-12-05,3378,Clothing,96.37657142857142
P0020,2022-12-12,3555,Clothing,96.28457142857143
P0020,2022-12-19,3591,Toys,93.47485714285715
P0020,2022-12-26,3573,Clothing,94.08685714285714
P0020,2023-01-02,2530,Clothing,86.28285714285714
P0020,2023-01-09,3239,Clothing,90.58114285714286
P0020,2023-01-16,3295,Clothing,97.51685714285715
P0020,2023-01-23,2961,Clothing,89.348
P0020,2023-01-30,1912,Clothing,80.194
P0020,2023-02-06,2108,Clothing,84.89342857142857
P0020,2023-02-13,2119,Clothing,85.03428571428572
P0020,2023-02-20,1659,Clothing,81.25514285714286
P0020,2023-02-27,2734,Clothing,92.55171428571428
P0020,2023-03-06,3116,Clothing,90.62857142857143
P0020,2023-03-13,3585,Clothing,90.14971428571428
P0020,2023-03-20,3329,Clothing,91.69485714285715
P0020,2023-03-27,3348,Clothing,96.288
P0020,2023-04-03,3166,Clothing,90.67057142857144
P0020,2023-04-10,2093,Clothing,81.31714285714285
P0020,2023-04-17,1666,Clothing,81.27971428571429
P0020,2023-04-24,1570,Clothing,77.97428571428571
P0020,2023-05-01,1900,Clothing,79.81428571428572
P0020,2023-05-08,2293,Clothing,84.7657142857143
P0020,2023-05-15,3536,Clothing,93.07571428571428
P0020,2023-05-22,3301,Toys,95.75285714285714
P0020,2023-05-29,2977,Clothing,90.794
P0020,2023-06-05,3477,Clothing,94.44
P0020,2023-06-12,2963,Clothing,90.30685714285714
P0020,2023-06-19,2896,Clothing,92.66485714285714
P0020,2023-06-26,3203,Clothing,95.84342857142857
P0020,2023-07-03,3143,Clothing,91.66828571428572
P0020,2023-07-10,3091,Clothing,95.62400000000001
P0020,2023-07-17,2707,Clothing,86.20771428571429
P0020,2023-07-24,3589,Clothing,95.458
P0020,2023-07-31,3438,Clothing,95.25142857142858
P0020,2023-08-07,3036,Toys,91.96171428571428
P0020,2023-08-14,3233,Clothing,96.00314285714286
P0020,2023-08-21,2983,Clothing,90.24771428571428
P0020,2023-08-28,2818,Clothing,92.66342857142857
P0020,2023-09-04,3104,Clothing,89.30171428571428
P0020,2023-09-11,3161,Clothing,94.72542857142857
P0020,2023-09-18,3426,Clothing,95.10914285714286
P0020,2023-09-25,2907,Clothing,93.56342857142856
P0020,2023-10-02,2732,Clothing,90.99914285714286
P0020,2023-10-09,1615,Clothing,81.60485714285714
P0020,2023-10-16,1676,Clothing,77.60428571428572
P0020,2023-10-23,2817,Clothing,86.70142857142858
P0020,2023-10-30,2880,Clothing,92.36114285714285
P0020,2023-11-06,2989,Clothing,92.41742857142857
P0020,2023-11-13,2994,Clothing,92.81514285714285
P0020,2023-11-20,2465,Clothing,86.64
P0020,2023-11-27,2763,Clothing,87.90828571428571
P0020,2023-12-04,3083,Clothing,86.534
P0020,2023-12-11,3272,Clothing,95.1062857142857
P0020,2023-12-18,3813,Clothing,96.60657142857143
P0020,2023-12-25,2369,Clothing,90.79542857142857
P0020,2024-01-01,1815,Clothing,80.04285714285714
P0020,2024-01-08,2992,Clothing,91.60342857142857
P0020,2024-01-15,2899,Clothing,89.1437142857143
P0020,2024-01-22,3216,Clothing,91.33114285714286
P0020,2024-01-29,809,Clothing,95.28200000000001
